Temperature,Pressure,Vibration,Radiation,Power_Output,Anomaly
79.96714153011233,36.99677718293001,0.4324821725025618,21.382886631839135,182.73012790070132,0
73.61735698828815,34.62316841456384,0.48554813292844823,37.09422483830747,199.3759302212183,0
81.47688538100692,30.29815184960087,0.42075800790000384,43.79591699867534,200.36033744088894,0
90.23029856408026,26.76531611147213,0.46920384703609597,78.31531486010286,209.45260691686812,0
72.65846625276664,33.49111656806795,0.31063853330462143,58.34829686800637,172.66283273438347,0
72.6586304305082,31.967426927108747,0.5213293707372939,29.96777646350163,211.85134547694662,0
90.79212815507391,34.47596610013866,0.5001205475362224,57.29054434126456,145.9121673679445,0
82.67434729152909,33.175859008409844,0.4182911368931809,26.79044016592452,187.40230895272379,0
70.30525614065049,35.247763576596675,0.5659245668432406,66.2403658083061,190.2345231509691,0
80.42560043585965,27.32382394219716,0.5937570137626559,42.93313022273182,212.66653652142477,0
70.36582307187538,36.58697032817163,0.3392440135631026,48.59545716891244,200.45261705353738,0
70.34270246429743,30.987998023461998,0.42372752214337855,69.88694971313285,171.88873892287427,1
77.41962271566034,40.37630436312632,0.42308576502127015,30.692546471236252,180.30013748365968,0
55.86719755342202,26.55406090955216,0.4060096898891135,29.04322722330513,203.97360019094813,0
57.75082167486967,38.67981901582625,0.5829474841931749,41.246010104809926,198.41865316270886,0
69.37712470759027,30.989553917313238,0.48061738612271965,65.57568276528974,188.41751780728507,0
64.87168879665576,26.74290998192776,0.4735485158689389,27.209808867847364,190.38332420976042,0
78.14247332595274,27.58057082972839,0.2996137635593247,7.517666028341466,213.92335994318577,0
65.91975924478788,28.3982634590284,0.5635418030209226,43.23261712386502,189.64614854261572,1
60.87696298664709,32.12082973200958,0.37607416051465276,58.27611199866381,198.23817511941854,1
89.65648768921554,32.6141774401775,0.5059932630266328,68.00392624608244,243.39873176161086,0
72.74223699513465,27.131499980307105,0.5277376937958191,43.05257956871902,171.52634726232154,0
75.67528204687923,29.878227038695087,0.6360658595838651,43.82860089325996,162.96314536850684,1
60.75251813786544,40.71135179305932,0.3691179600880888,67.30851101383621,215.67179329597212,0
69.55617275474818,38.637715850503554,0.19804878441791746,21.95387450456869,186.42713877411794,0
76.10922589709867,32.18161834837016,0.5183849544753695,44.17218837225486,193.6352494451476,0
63.490064225776976,30.190017390841,0.6800511181510853,52.856358348875865,184.37687243737773,0
78.75698018345672,30.600156633591308,0.6238946352939437,56.738280819275516,194.80399718464975,0
68.99361310081196,33.06758986365208,0.5209659415274626,42.35289960213676,231.97076224192682,0
72.08306250206724,24.886037174007974,0.4508363814367953,50.51661517558762,216.0425691723624,0
68.98293387770603,28.713117312883274,0.5807122596637311,12.67508969880516,217.24447023773953,0
93.52278184508938,21.657079630612053,0.40264538002955313,40.126273814992274,171.67545888414708,0
74.86502775262066,31.996115613026397,0.5476357769356219,56.80263068831701,176.9769252689426,0
64.422890710441,33.2359796985137,0.5505470159166627,35.265589486179806,143.21842681029148,0
83.22544912103189,27.58406768850313,0.606020990749888,50.88476332384396,183.8123835783449,0
62.791563500289776,37.869933816450164,0.7759660038911078,56.70308751204047,219.13406372771317,0
77.08863595004756,23.871171684988294,0.5392415967178767,44.86176198713353,210.33893031496743,1
55.403298761202244,22.6781255989509,0.44910363742925014,52.556956564948564,195.56973474095753,1
61.71813951101569,31.12225909279986,0.49744256878080056,35.55901152073082,199.55399432563894,0
76.96861235869123,35.23549151306077,0.3230924095110882,46.9008308045593,186.22228914849188,0
82.3846657999541,38.419638457289345,0.4305286868910942,59.15324254383834,204.09517764803567,0
76.7136828118997,27.7055786856553,0.4590717561886896,52.35459441452652,215.3175655896123,0
73.8435171761176,35.393404167156476,0.4475911602065408,41.202030956540966,167.68226425179054,1
71.98896304410711,29.807457652496463,0.5152354872033722,53.363246064361896,205.99295375674697,1
60.214780096325725,29.136863500295902,0.41775800676177993,60.71914685954927,218.64869741909334,0
67.80155791605291,34.41829968743336,0.6121030667324472,19.25088082133783,191.6979942207326,0
70.39361229040213,33.261614392067095,0.5000207064918197,67.38611097433846,214.01401224241167,0
85.57122226218915,22.118039215078753,0.49906996788613855,44.95617891978392,256.29308888945104,0
78.43618289568461,37.38270174862948,0.46721052834870824,56.382348998603455,197.91314414026215,0
57.36959844637266,36.90045677073726,0.5155190683858979,67.95870385467842,207.86614100010647,0
78.24083969394795,26.872186492452354,0.5825098264667634,29.42489454154301,185.23885832677217,0
71.14917719583684,31.979017667187044,0.41328697842890993,39.3583849635868,203.62502325204102,0
68.23077999694041,32.47015093141369,0.43418835109247433,45.67176956186443,209.20543249964607,0
81.11676288840867,31.303368829119535,0.46962739712233353,38.24369718313358,203.89684680540276,0
85.30999522495951,27.2484742307729,0.36541290765267853,76.02404863755213,179.60609360582288,0
84.31280119116198,26.641883160309742,0.4180742140278502,37.148418592598105,204.127235426509,0
66.60782476777362,29.872229645042772,0.45237791264553406,41.666798307697,229.24391877435272,0
71.90787624148786,35.86364509629682,0.5874389180712728,53.065835474044654,208.97271529029055,0
78.31263431403563,32.71800077297216,0.5262561329001925,31.967757108858667,219.23974378143683,1
84.75545127122359,28.14692833956947,0.5193589911367544,44.06478932365604,195.25976059974744,0
70.2082576215471,33.85849355324172,0.5850897962167972,54.761798918752625,214.99800478847422,0
73.14341023336183,15.757286896849623,0.4862628211600603,45.00709393426233,205.58535676433053,0
63.93665025993972,35.74382850186052,0.539046484992889,48.599197116500775,180.98178540625537,0
63.037933759193294,21.301431106109504,0.48967782470675036,42.06001831327444,206.3704200959775,1
83.12525822394198,28.18779529298434,0.5265362349399628,27.282945362288494,180.16606673119378,0
88.56240028570824,24.401650526869282,0.44172413423884177,54.823898170088576,187.34239450230416,1
74.27989878419666,23.526592621395473,0.25611828417235705,76.32399607470862,203.78656614584747,0
85.03532897892023,35.8041339368926,0.48657208378136957,50.276024461751575,205.9448854676025,1
78.61636025047635,27.661493993440544,0.642274813609994,53.378961758713245,176.21535069845743,0
68.54880245394875,31.73251940865358,0.5926215402241592,60.39084132675289,221.07971542365752,1
78.61395605508415,29.76539710560408,0.5965397484591171,30.960042551799514,211.44012556600947,0
90.38036566465969,32.385204136115604,0.6236130721806218,75.53771987194409,185.90543128778233,0
74.64173960890048,30.384109455301278,0.5088657590961437,53.03493194634203,169.2483040710165,0
90.64643655814007,23.58503887905715,0.5197315707405595,74.47785348633664,197.10190841837138,1
48.80254895910255,34.9813340972357,0.438234810456565,39.00450506714016,191.0811257227768,0
83.21902504375224,27.531217084193436,0.468392714397295,77.27092883836737,202.26280914106044,0
75.87047068238171,22.217090506701247,0.5615771149771142,61.627332410521745,192.73766677688866,1
72.00992649534132,27.859424195170437,0.6203884437168816,58.295601287785374,159.85086278509982,0
75.91760776535503,37.503798953171554,0.48605537243190006,53.51036681529722,192.23306123397683,0
55.124310853991076,34.251108710567465,0.45498107351485884,46.27207072888326,193.88761777863374,0
72.80328112162488,28.256739327960705,0.5000527958856598,68.0079748771081,212.6732204954812,0
78.57112571511746,28.253711478407855,0.5601206748929115,52.105398047720705,186.036006507779,1
89.77894044741517,28.391824743913087,0.3556145183866458,20.493954446192717,233.57349346745133,0
69.81729781726352,40.383739917804206,0.2703819046862762,33.242203074394965,161.76718898696487,0
66.91506397106812,31.909677261157768,0.44494631505084165,47.21231371710879,226.2233499560525,1
69.98242956415463,32.15020823595535,0.3779287574085841,54.64998474748332,195.5136205824379,0
84.15402117702074,35.151417270159214,0.4491859802352689,49.151172666501566,217.19169744687113,0
78.28751109659684,31.193945795132567,0.48522196811825286,68.28456184690495,201.59602968117466,0
69.70239796232961,28.704789270896484,0.4546751590976987,20.733472039420626,222.79111072050938,0
80.13267433113356,29.01825075457511,0.6452467534470745,52.1538190475774,192.25276070894378,0
75.9707754934804,29.641993702929682,0.532674476460232,22.73031161919268,178.02759149644376,1
84.68644990532889,29.813888817450792,0.5300474359610828,61.39568443226253,228.41008574542127,0
67.97946906122648,33.6381477181849,0.5622207144043402,48.58311928336996,197.73038708235717,0
71.72337853402232,30.259729429036497,0.3861166882219231,56.294149580361776,204.4311694724842,0
71.07891846867842,33.6632003860779,0.6039111787420268,37.04175559115351,224.69503828089591,0
60.364850518678814,29.59641709945709,0.49242357134645404,69.19197397486627,179.3608951581113,1
77.96120277064576,30.393175951580453,0.5670480617241213,65.62586996088277,211.90981795278515,1
77.6105527217989,20.00899657733946,0.39281427669598445,58.753164545178315,188.20210487074218,0
75.05113456642461,34.581638373512405,0.34462412339839354,48.057241297048385,197.35661288711256,0
72.65412866624852,31.732442379489964,0.5817889658025028,58.69785927942698,201.4455793076858,0
60.84629257949586,34.99005054929826,0.5376409526097516,39.39661148018977,169.9955627710613,0
70.79354677234642,15.518723109031553,0.409794844564249,62.83333488531068,184.4232591435913,0
71.57285483473231,40.44187352390364,0.4130336918725306,74.74221341485881,227.0214578482628,0
66.9772273077838,29.302051859224132,0.6125434784414769,66.05915839968779,217.72382377169592,0
73.3871428833399,35.54091408368758,0.3810588107132672,39.055962952888855,198.7472084534553,0
79.04050856814538,24.800470364372345,0.6642672953255964,55.42125975909654,204.86246917025787,0
93.8618590121053,33.063869525312846,0.4099379265352131,30.602876843620283,194.11514988727086,0
76.74577812831839,24.73292218413172,0.5638391925608383,58.58585466763513,227.13166771655963,0
77.57550390722764,26.881155196520975,0.46713815242510154,56.75905119293808,195.99294844411673,0
74.25554084233833,39.570156769333934,0.5603187431082343,21.95275490701754,204.63684184269695,0
55.812287847009586,29.046587996183266,0.44558859978858073,32.57324234131454,222.9206028828413,1
74.73486124550783,31.087164365898616,0.48372070939277056,45.752916548843494,184.45257030308187,0
75.60230209941027,34.35033865344377,0.5040919175395722,45.48710379288761,231.17578368993787,0
99.63242112485287,32.47840943986302,0.39978125442185275,31.85784596871792,169.39077180513246,0
73.07639035218878,30.752094525717883,0.5740824345420126,55.83468094028276,232.59284262225597,0
78.01547342333612,31.824805012331126,0.44867864335284147,53.77210413410768,192.54648832096052,1
74.65288230294756,42.01707792619138,0.47714000846599813,47.08596302032221,195.14602504349438,0
63.31321962380468,29.711906014832074,0.40056506253914875,38.66312749762456,162.19979657634116,0
86.4282281451502,31.005495233574837,0.24376663412046895,65.73060689624845,190.90410565244613,1
82.51933032686775,35.25327198003806,0.4808972237399831,74.83110669632443,179.2038693794623,0
82.91031947043047,35.52762966478992,0.7412615421612916,42.746577742301945,187.84707309253054,0
65.9061254520526,35.9351515278019,0.5784604287898024,40.81749624267769,197.25378068422242,0
89.02794310936099,33.19365111014592,0.4980739620265605,57.36811498117994,219.15583228945812,0
60.98148937207719,24.284975436347583,0.47371091707917323,44.629559303795205,204.1520670280125,0
80.8685709380027,38.16715766150548,0.5022465892812047,47.909041990051485,206.15353306802228,0
96.90455625809979,24.26827303490656,0.554711911517521,61.09479727587007,178.08961222308875,0
65.09463674869312,31.513177326195166,0.3819187184691155,21.359658687390606,182.3849182079454,1
69.33702270397228,26.22862074990321,0.6114321694668872,69.77453487279004,235.97450036702622,0
75.99651365087641,29.679308267035037,0.5715381315441244,51.09020786494012,185.29597930473506,0
69.965243458838,31.6438120515174,0.5718185725707935,43.8276028315673,233.12416504114591,0
59.493365689338674,31.606786077251364,0.5438475738809727,48.661487686678264,195.13877602238267,0
75.68562974806028,32.109603771176424,0.501961665769399,49.43644032530778,200.0457587228701,0
64.37696286273895,38.06855634529323,0.567286123596682,24.03198044832612,221.4073032045986,1
79.73592430635182,32.2676715075699,0.5591814133741378,72.42407341179853,225.43784843877313,0
65.80575765766197,28.779216823546758,0.4645959289058976,50.61988448405928,197.78374879441824,0
90.4993440501754,34.820435841441785,0.4426398227103099,56.645031956710625,192.23513892956922,0
67.16746707663764,35.947352444623206,0.5101856295261986,64.27324655861064,198.88159102955575,0
71.77938483794324,23.86196092431504,0.6549020151495187,34.6825631365955,206.75915056464237,1
83.1351721736967,32.98700034924929,0.3760892924346099,57.10207848552842,217.82607373739512,0
62.69135683566045,33.50586371155449,0.353247473424756,45.985383636518094,200.08459717988302,1
77.2745993460413,28.51218248320004,0.5164760841236516,62.701561628247404,212.37772596046307,0
88.07142754282428,36.878534066558096,0.5050887701856018,18.09158869472757,232.7671946454188,0
58.92516765438772,29.249722064837368,0.5173341664370408,48.51358549638096,207.6261922452957,0
76.84633858532304,30.627882267357712,0.5243953197908501,40.95769016324058,206.23305712009557,0
77.59882794248423,29.13464087858065,0.4776797745365195,56.483944259512334,169.62178349819865,0
82.81822871777311,30.077895237907338,0.6489863438602083,57.05066281052303,147.38539726341872,0
62.63049289121918,24.518624565523993,0.33990960215234844,39.38561157766961,207.76751458460336,0
61.795433869157236,22.79974558702853,0.4171502975219754,39.31739203735935,198.10351537438257,0
80.21941565616898,37.97252531612486,0.48967452398509526,48.34001947164006,189.70434650170517,0
77.96984673233186,25.76519325840836,0.3356811188845833,36.55036659027188,204.8706040837269,0
77.50492850345877,25.043038252718464,0.4824145595567929,62.6297554317819,198.79192541606184,1
78.46448209496975,19.233049431981428,0.6661470165728018,44.461891993288305,222.55560501267797,0
68.1997527842151,26.805191261552487,0.5020886488295961,6.395176710175377,201.72221736517955,0
77.32253697161003,23.38455103296251,0.5230700905718684,44.37766915067291,185.06153429859665,0
77.93072473298682,38.21007580068185,0.373983523482742,34.421842687340416,219.80332477918577,0
67.85648581973632,35.04908544671317,0.43836385919605225,25.530862768085818,195.65737850107595,0
93.65774511144757,26.559248274111383,0.4624803619676063,31.438600426661413,210.53073367344615,0
79.73832920911788,41.26217902672154,0.4682284903243766,51.64112707749455,190.451785876144,0
63.08696502797351,34.90882743495797,0.6281643795003768,69.92961242372347,187.00346229005126,1
81.5655360863383,28.37584308245689,0.5557691060725125,54.6977671079747,201.68336460371393,0
65.25318329772679,17.502971425632133,0.3888542043062968,40.90244917676391,200.2565728708737,0
82.87084603742451,41.45471286295371,0.5246504778432005,56.83856292756054,209.59654070733666,0
86.58595579007404,23.05213766618202,0.5498221748496785,43.113645346715124,194.62708493380515,0
66.7931768164829,21.773006265215542,0.6140149038521266,39.58099446255283,163.27280432459204,0
84.63376129244321,35.1128521600482,0.6580540686568374,32.684559976505234,191.34452232823222,0
79.12780926936499,42.19876203169636,0.3984905808172131,23.72256789872421,215.8763693428763,0
83.2206015999449,36.921364092552594,0.41891424887896617,44.15114440160832,194.05247841513787,0
93.96792982653947,32.8195456002618,0.37424221410853836,52.37080234880198,195.07233194970905,0
72.5461188399713,32.97377170832643,0.47659801408930186,48.550644949776654,219.72753011811875,0
67.4626383564251,34.267077793901535,0.5466358374446334,43.76049608078962,185.76053545482154,0
66.10485570374476,33.79464294893383,0.5987334516589102,35.813809089548286,169.14393563514201,0
66.84189715034562,31.405957119846878,0.49240489763574774,59.12369287527453,196.7873776094901,1
74.22898290585896,30.52100551975938,0.46801524767451563,30.243021200801227,190.31652097502527,1
78.41151974816644,29.687034360502388,0.515175799224874,61.64041870765213,180.6750736049349,0
77.7669079933002,26.23017705566662,0.4164857098369977,34.96674471609913,196.49243088202618,0
83.27183249036024,28.59662461566613,0.7089538721694774,38.71347143970448,209.83011294493568,0
75.13001891877907,21.535215929023074,0.3392338972881941,27.998222140764845,199.8142287686437,0
89.53534077157317,29.50830186602625,0.5184740578895725,42.47896779671545,206.13962145372474,0
72.35343166762044,25.057044464245415,0.7023606219229639,64.62968687716969,236.26815397030845,0
102.20169166589619,24.482053413921143,0.5006799844559998,57.734421326659344,193.14242276884872,0
81.25667347765007,30.899470755767393,0.48099609649985053,64.67633168042053,205.5669726928934,0
66.42842443583717,36.960011431723,0.46425545771895727,57.83213818900904,189.8157327480173,0
64.29107501938887,34.59158303001156,0.4819608318237592,33.44495257204446,183.07280560226053,1
79.82472415243186,22.147496981884114,0.637284847467653,45.03816163508664,188.3018469316446,0
72.7653721467415,25.051859317148313,0.2788138088670493,38.29701306323806,190.42482856956622,0
82.14000494092092,34.70385593994108,0.6533433701296325,69.95862356058561,207.1895159509425,0
79.73237624573545,25.087563032308452,0.3576042847549855,32.04817030360533,246.98151573401515,0
74.27171087343127,28.876834250014877,0.4733347670765585,63.40546534083666,185.67913127448318,0
66.53206281931595,32.75026049512276,0.45707555797013383,63.39430805163154,191.66749388769074,0
59.851527753141355,25.158277725681824,0.558855326977072,77.4443030257413,198.73753973777502,1
70.53485047932979,30.5268775307298,0.34018756481162526,43.85470111055754,207.91597697419493,0
83.56398794323472,23.329872525408977,0.5462172666081943,60.68483239370243,205.2710162390957,0
77.14093744130204,26.99316178024393,0.7024309623286853,84.22477754808264,225.68191587896234,0
62.542612212880115,31.598909670712686,0.3636825995407189,40.73537484599455,151.47215858929584,0
76.73180925851182,22.035031332341653,0.5189706167610396,26.974396287014606,152.26140259608655,0
78.85317379728836,32.202373689801995,0.4338017822203391,21.799849491383544,190.082436559797,1
66.16142563798867,29.901811005366593,0.5425887206193036,60.69068043291997,221.94600375087418,1
76.53725105945527,32.76244977208574,0.5019147777415752,21.752746879121243,168.68703936788808,0
75.58208718446,31.119570670323306,0.435851309095569,44.41521420593116,139.84735320612486,0
63.57029702169377,36.82070214986922,0.5487872284871074,56.55969780558441,211.42358812438417,0
78.57787360348283,30.626122513239537,0.6804348109786743,52.777633052448714,204.8731444740543,0
80.60784526368235,27.852972294373735,0.4809096208272701,56.381672962762586,178.1958318640114,1
85.83051243175277,30.611487515161418,0.5719757942148181,53.334347837012814,180.2892079855814,0
85.53802052034902,32.716490145181936,0.3706727042128836,69.1829871997009,180.60512560730652,0
61.22330632042909,30.24430035162852,0.4043563623181991,35.71525428891805,202.2107063494788,0
65.62174960084877,30.202958456019413,0.5472406277880377,39.84507292312203,187.47369447633986,0
80.1503526720866,26.490041560966223,0.6484116028535964,38.41010832093764,209.8812783795104,1
80.1378595091221,26.68549541224526,0.5355613348785659,62.45287717793915,142.90746674191217,0
80.15047686306048,22.986973641001534,0.46869419694768455,63.50597882592595,182.862962697444,0
113.52731490654722,38.7478837159347,0.4999291405423354,56.768379789777626,177.47892078177898,0
80.70890510693167,23.780683823043574,0.3749592266030283,67.75240500334891,194.87318643255014,0
86.35565640180599,26.53547401102046,0.5604515326355367,32.32938698935429,189.23904483019723,0
84.54001763493203,26.40796367215401,0.5882333062323409,75.00836167326706,215.95687559791534,0
81.51391251305797,34.474621884722204,0.45479096671669195,72.84857932568387,162.81326456679886,0
71.84730755359655,28.52525160853986,0.4529957852240498,61.0343299586862,200.90982952661503,0
82.58969220493267,36.23871036336867,0.5265878229652049,76.7269836315659,211.1667284642341,0
67.27174785462428,26.63254687878066,0.45632802639594044,25.150651884833394,237.13294873123908,0
72.63181393259991,31.39497081111901,0.49338673853741777,42.133277956060226,190.3646805781305,0
70.14636452170896,25.823264733701215,0.7099721789166515,38.97044808977071,206.48917208705035,0
75.81874139386322,40.72574563886694,0.47529742992540036,60.82218985636015,163.9227441487527,0
98.14658566673509,24.062007904852436,0.4641659847978778,34.24788890596781,152.16087591373952,0
56.32734807408252,31.549103551135136,0.4352458194364841,61.36242724006228,216.895487515634,0
81.86260190374513,33.168884404660496,0.5744191971499937,70.5580421599507,199.88879412703858,0
58.87284128810349,32.06899548725749,0.4818775826781897,60.42804350125999,223.57025379596845,1
70.28068134210567,29.073561705611457,0.4350626961678574,54.25626535492252,172.531942220605,0
85.88950596967366,29.35089650133287,0.6321304032273012,35.181899886488765,210.39804279057506,0
75.64280019095463,30.219057359895547,0.6419603004513638,37.29723550811953,237.37635681087707,0
64.22255222070694,29.264989991857558,0.4399576434261295,68.74428357945,208.39411216714532,0
67.84696290740033,34.81939558397455,0.3133460048639384,61.69023505857999,205.531630111821,0
81.79597748934675,41.05261500795676,0.6007513689836922,49.41470720933684,200.171121616487,0
67.69633368282864,27.212541074960832,0.4315370174239996,43.73135681351164,168.58237085748175,0
77.16458589581976,23.150985102104613,0.5790625599162769,19.612881903329345,227.11145871420695,0
75.45571839903813,29.558589758243727,0.3029896182288164,33.93721371973342,187.78284720389868,0
68.48399652394183,42.898546688271594,0.5892597338299309,78.67128630709585,210.08966512766034,0
96.43944089325325,25.981627160151348,0.3788828070719219,30.793166434963,168.73931386857492,0
81.33919022318011,38.195584027220335,0.5730764119066525,52.84219731831621,176.4108067098444,0
54.74857413342393,38.388504070382204,0.5014273067836434,65.11165959792798,228.7017479844447,0
76.86454314769428,27.232058791460027,0.4046060580603355,31.176159979965615,193.05395422084314,1
68.38213535231613,32.84491539592638,0.45929636870732193,52.77065712171625,229.0655095208509,0
83.52433334796224,38.14198311564269,0.56863184569567,64.06873306265983,198.43538681882964,0
67.07479261567299,28.104361295062564,0.5105894453115234,50.187489828608754,163.16204454084286,1
73.85263558533102,28.982098199488192,0.5584412980472484,93.02604583500153,217.8413519946344,0
80.04987278980457,27.09159543025678,0.6976440584515485,24.97101111682707,188.20215364488786,0
83.65755194170121,24.926216346535668,0.34357583882889486,65.88092794825818,213.97377627034086,0
62.997035929442234,26.753612274669965,0.6617212574968624,47.407973939053036,200.50421735080164,1
71.65498764159051,23.880298666188718,0.5104355937523213,61.578802322550125,169.1376354411426,1
70.25054688839043,30.17041734129613,0.4101215951676872,56.61960727548869,203.28589530741138,0
68.46670767426288,26.15013384470679,0.366968637426101,39.002657043350055,243.92446284305598,0
92.65454240281096,31.16892955895374,0.48108796092229666,53.434945886890105,209.8597291702892,0
79.04981710960955,22.220521768981865,0.5921650111924459,22.131478229025692,198.84964493989074,0
62.391160456649544,31.654401161072286,0.4872450879622466,59.04871250857091,221.50686803913794,0
84.17861947054776,34.16764480804462,0.6511154930247347,54.472376989857885,204.2133693040622,0
96.22156197012633,20.031321787142723,0.35488243099484407,59.57990252964653,204.19068460525588,0
85.32465260551147,31.87028284923786,0.49879110521539455,65.87177487630726,178.16749655681795,0
59.80630034045987,36.13834496236646,0.3747606555586881,55.514297603145664,204.67696051579196,0
70.15765927133748,23.951794906543974,0.5363631882624967,52.221341296974146,220.7088683283389,0
87.66911149186623,38.362861934188516,0.5886887390097301,36.78397495008062,183.27875695799952,0
67.92330534381219,32.095095046830224,0.4579238206318947,39.316688545264235,228.48991642493894,1
79.43819428146229,26.474940721207957,0.23957861433728656,67.80101930265997,198.1658795170975,0
82.74634053429337,29.72115461171147,0.5198948146796495,71.54503108558967,182.24460976922919,0
65.73069528421917,32.791634562608614,0.543673855173351,46.42834345531919,219.9526415384049,0
74.404746439382,30.380026957062057,0.5404294754961698,50.69004120879911,194.26411528523462,0
42.58732659930927,32.693779962231844,0.6235782191822155,36.43078437509351,215.19029774972216,1
64.7561235866571,25.39663203460317,0.3928946320350951,67.59135267901168,194.16482735482924,0
72.4743184860684,30.84680412018039,0.568021610545045,59.98125235537668,198.80347712940193,0
62.52216818035151,22.9314275154751,0.6192507512477975,79.11826154695623,209.87120408668582,0
91.32411303931636,29.4438696932565,0.3221412415993483,36.82515384230392,205.8179411518001,0
60.69858622039367,25.480461792676053,0.5319651825918977,44.32988151472674,160.08936439096522,0
70.59955513303017,26.322350287051165,0.44958201689923283,53.47168883788358,177.57512519811218,0
76.30740577286092,36.18046587605219,0.4918477326898354,59.69734306588656,218.58819969581631,0
89.41273289066116,35.45655060297135,0.5347676483538336,46.764985436785516,197.35726822196906,0
60.6413784882056,33.045690604535885,0.4512771435886448,36.90558364319449,189.52537394457156,0
86.63163752154959,24.538436176637106,0.4324291920838388,63.22111293385357,172.8285196948505,1
75.10233061019586,28.41795775152599,0.5034152417488025,60.81703043818372,178.40527357448303,0
65.18491348952048,36.06548849989592,0.39127540611371975,36.25588849154413,159.56402720076105,1
79.6210347426327,30.708584568199523,0.39141748711148144,70.33164201658244,197.97438562596935,0
76.9905969557347,41.59664769990847,0.5679373282956504,67.55298063794905,188.03124838837905,0
68.99783122841205,31.96658919697186,0.3851205964841344,52.014447458716894,180.6682421802937,0
75.69802084990019,30.960245582450156,0.5666312500909212,51.19396793564054,198.63753149664095,0
71.14686403138239,28.454417678987493,0.5462591292853951,58.31086656673861,207.27941261705476,0
76.13517345251248,30.66770452391141,0.32741932712094035,37.074453946156126,241.8639586441989,0
81.62130674521046,29.23765081809728,0.4322435347664345,50.45047218746123,169.76233160873574,0
90.86016816145352,33.54054338344295,0.6194109403047372,17.714246830862294,223.18762086601043,0
62.62184501173151,34.783511583972924,0.40188344688603184,63.14683468254403,219.46203122030144,0
96.33033374656267,26.070052697460252,0.45355957376906125,26.57760166337211,184.418145212466,0
55.47912200477498,23.34383523221111,0.5462060893251897,72.55129742643499,204.06471909172063,0
73.48214904964416,20.818973134483517,0.5783390509282595,45.04819859050325,190.8473350132477,0
80.88317206484577,32.53995663456272,0.47484611139555044,46.82499527103235,203.71377160837477,0
77.80991867735032,24.483166969130632,0.44024898053083583,40.583991408732416,230.182620268091,0
68.77300480179406,19.235547035237587,0.6422369861698508,45.679416891168856,212.11212465262625,0
72.91877749642725,31.942893022654822,0.673889966379758,71.27797017722055,210.17216746466883,0
70.06999065341168,42.46499758716395,0.5978858050781796,12.682870151973809,191.39381360090715,0
69.10635243055789,29.969645442300532,0.5085318142565024,69.15448079132281,170.3188667015133,0
83.49602097021025,34.19245387225821,0.4191734278359074,55.07035221652562,195.83063578919183,0
78.57015485965047,30.409146792737825,0.4169555593443435,31.894675282141765,224.1321630972783,0
68.07090404739346,29.505551734044285,0.5522514105265758,33.87031410426143,169.45664286820704,0
83.9959987543325,34.59538241493884,0.5418398220888684,75.14589540812304,178.8982126364661,0
78.07299520876609,28.548627279056742,0.6401598592946429,35.81739680085903,202.52535472468136,0
83.1286211883896,31.336961570359513,0.5650450092536139,32.69974234106061,180.30690430305475,0
81.29628841923612,31.608489030980067,0.3496919698240182,67.05971813547094,184.14953105769575,0
66.71004989077927,26.659547731784755,0.6051947617722919,55.078293144288715,191.52802836543646,1
69.3981895980303,34.960211747682614,0.4001939372685587,35.93111635195402,172.687651916197,0
82.47293605123262,29.125201216522957,0.46160287280476486,53.24937463106929,180.51756307567263,0
81.10370265433465,26.221274202535778,0.5250200206251694,34.61370974539584,214.06855833574616,0
74.79098406035853,32.68254921785202,0.6995667489783964,66.51232097633908,173.85260435538072,0
76.17327383308782,25.507660091044812,0.8109918556005361,65.920564473097,168.04255731010323,0
87.77664895788425,30.140905786845643,0.5606723059136183,57.98009298232915,187.39950040932212,0
69.0842861116417,29.95440501677898,0.48168033812796124,55.42491591870525,214.6391100501969,1
80.47097381170038,35.42947782915789,0.553450564848055,76.41782187301061,196.0615638400622,0
72.97807347566106,32.373491164399766,0.5887655425873837,49.99529491082338,190.70837843768763,0
72.82318796772779,29.87486520627428,0.46793323744428084,32.27188811868798,200.88717595031216,1
85.9877685198719,34.08883149600143,0.6795211355912323,56.74210869248461,165.08585134280696,1
83.2541634898803,36.951037745086566,0.5230070759191402,81.2907057430567,209.89411307550066,0
83.13509636000639,32.78905153175931,0.5497743089091395,34.77860760221222,207.66870062807288,1
88.05478807154329,30.051763099216902,0.5665924252054462,44.57805849959021,191.81383051808558,0
75.21003841632759,23.4408188382492,0.5421586610614456,56.24669057152179,220.11849023592833,1
81.81952971294965,24.674431684623137,0.5838940500469613,49.19142726491391,177.45007802093923,0
71.89733243406543,28.47387647822666,0.43827468134530767,35.26544629434028,222.5581798650714,0
78.24166352488442,26.952438989203586,0.44416982460539695,66.82786784345706,203.08987331190502,0
73.69856945632316,29.06514348507277,0.3899845767028305,84.80061083025889,193.26894820243652,0
75.96995964992718,30.283249624485535,0.5439501230620226,52.94197188535861,199.60252729263377,0
80.95157025436913,32.64846377178365,0.5778936503512114,36.43897565396,197.85470468378116,0
66.81779316766527,29.647506109704544,0.5457772866151885,26.765592124197873,224.40565792835434,0
95.9238727568546,32.43250821913101,0.6674492433347538,53.869639718317714,178.46641745057974,0
64.93982618500299,30.3223720740506,0.49944039811709534,66.55816014974387,184.74961521706803,0
62.85811387212268,20.12266716823064,0.5668741655592513,57.12751619743072,220.7260578414496,0
86.58110873500068,25.303323030906228,0.39082991238606857,49.96394238621719,188.08930129632282,0
82.91662693962935,29.279562221391924,0.4612900297525599,41.160925223160405,218.01066154663184,0
81.24119817052156,23.95152628579446,0.5695537757565777,33.617545509228655,233.98871966017418,1
81.2834550926428,32.999643649981024,0.5849102110743144,62.52126989487323,191.96409946116734,0
74.87753227153085,37.65375416171849,0.4706033052335818,63.70657432078379,213.6272465315061,0
66.02745628514168,36.09380925848659,0.49284007481419334,26.814053199639,176.92615437320282,0
75.75804558193727,28.93278564534896,0.34821262533191905,73.84758467271025,215.09466596135618,0
68.22838288487888,37.45363068424976,0.46429707991933905,58.611068313410016,203.98847971973535,0
84.7511973341775,30.743337286010558,0.5890383163519786,70.99391967718691,209.4607656432043,0
73.52942618497862,28.314570144409803,0.5575205016106566,29.868083772723274,187.0885585592921,0
66.74502803207488,26.9329866822953,0.5500665721381209,29.512637668768416,166.77833168865655,0
71.78614158347007,28.487651567559357,0.504977368718096,47.765460353490546,210.0650412949901,0
79.12931454275625,28.059115907293858,0.5007063158628177,57.541766403427914,158.7319369504109,0
69.36275447196026,30.85208111187744,0.4339678860526553,76.94541234390445,193.6529901551493,1
66.77779604433569,30.802869905249324,0.5698828420202535,60.591183707226975,218.8236373283994,0
77.43687211491913,30.015230100767074,0.542097294438939,46.3597808478195,203.83795471746072,0
77.44966571108722,32.18469084873175,0.5492018847992799,34.60446188501162,238.96685289579625,0
69.9305682462887,35.95323137393171,0.44739651573324196,68.45000859078725,220.50218305163548,0
70.28961694381677,34.74777067720662,0.28466570801287555,35.52941861373928,186.92203223348847,0
77.32049937357637,22.575510157750482,0.6097152711753696,74.42702832158483,200.54626759702876,0
60.51915658502676,17.230394325490224,0.4521162543991596,45.73423025590236,199.0525859491113,1
60.92536225623445,34.67159955619637,0.41372242359568795,73.85873108926776,168.35646473307744,0
67.81555778747564,23.165606507922895,0.5693478911913994,60.18396935088917,181.19202167031293,0
72.86552848288153,28.87617299053658,0.460798736008087,47.94506765836313,188.7847818604028,0
78.10907565598005,24.149434869703203,0.6059936384046622,42.2090544226081,159.27558994288125,0
89.75356216949552,20.9900978120999,0.5617005949576698,44.886381839808806,200.94986936503287,0
83.5765962320202,32.70731364102394,0.5683569323200478,56.42475038562856,195.01856310693918,0
73.40061470036574,33.79577580151324,0.36340442887994656,51.15734744326575,166.54212197376853,0
74.80983792097311,27.1174479963664,0.6211943985386401,41.09282887896942,208.08425730554663,0
64.97470635362191,17.04478853927545,0.5261250531233856,47.515528845235515,214.3174548938192,0
74.8148686400761,27.268777758737585,0.4630722860753797,51.17865544578725,204.54068957729777,0
72.11341361079862,31.959020027012734,0.5143388467342251,18.06898858377782,193.5186364958206,0
78.22718560338089,22.605442156129357,0.322376476710168,56.87252172183048,211.8288430350371,0
66.72769056447677,30.91679959889578,0.5408652811480671,35.3041816292479,213.60440720953383,0
80.19346514241172,29.923450754135022,0.39706284918179285,32.700013951913824,206.14807139439378,0
90.32738913002578,32.89645749800544,0.36473297141564653,24.689834793339344,183.50775499130478,0
73.91239851543142,30.597901842070765,0.3477640813782109,23.091612531981646,205.5320153102236,0
79.01711722098942,25.13465529559222,0.6112688374989925,29.66828745331566,223.90961301650958,0
81.90143991711112,35.982857508322454,0.4370736606307211,39.36468563554264,188.0674188277654,0
70.98779528114164,29.20735213486515,0.6533727709916499,79.29888706289853,241.95878678264862,0
77.24092481810416,29.86347730245034,0.4464198536947702,42.11180486157194,189.48738132029231,0
75.12592400781794,25.333660204634022,0.32926420424070535,52.66625159402047,200.64814026680273,0
75.97676098548831,27.783588744042447,0.3883475560051341,56.00722079759493,186.55028807987327,0
67.26990216144533,25.575986429865495,0.6235811620006939,51.965977793237734,204.4654167184052,0
75.24510174258943,29.135269700382885,0.48441018220633325,48.8383480891101,165.1555661472945,1
79.9799829124545,38.558542400711715,0.4451712703509399,32.07059354601133,189.07916402366558,0
89.51143607795042,23.140494285343216,0.5160018225852787,71.76391322418817,178.15757599302867,0
84.59270826085206,21.932193010616295,0.5501782736167545,77.10794965456827,202.70676695784582,1
96.53182457511556,37.35585163746804,0.6117398815902461,24.760119588159714,219.88894751017816,0
67.3265243711195,28.95338161424067,0.6448499229892927,34.639571136704305,212.92012374229103,0
83.72320636720679,26.654636306700418,0.4640231354210914,45.802844864344905,152.56681278282215,0
76.83342005738352,35.199523436980385,0.3673952313917962,35.53193307634713,240.8413930585576,0
96.89802933217672,26.97192230131568,0.4586534838876724,57.58948330183798,205.90559881241737,1
66.91701714644849,39.13004856773468,0.5260280506582886,39.0759169639008,184.47001719014,0
66.60278157819224,33.38962935669635,0.4036241073789389,82.47584101709904,203.1425583798188,0
69.00607354555977,27.560442959271487,0.4042849085104957,67.85822891515394,203.52379645005385,0
53.76104275690193,40.786541066327516,0.5343787881549885,53.18861045948322,186.6630256609687,0
69.74244978319238,26.97142538498331,0.4951347648429549,65.40479394979599,203.9583333468415,0
67.40867338446301,33.71047686004653,0.5032796995411587,66.58850636535963,187.85055424759386,0
76.50393786476208,31.49646290203246,0.42415046652999305,41.54078767912635,191.91276014619956,0
78.4175597577716,36.50870644699399,0.47695992857942326,37.75674133187053,186.2744172848983,0
93.76170839215887,37.807555983634266,0.40757668557316956,51.17214594454471,171.34657420520693,0
84.5042383818605,30.160020745328833,0.5890198411124787,62.92454186746916,202.9167294043077,0
69.23096344337597,26.232910648269083,0.6035249334723752,52.08590597980127,211.70598873032677,0
66.01585328651642,32.29986071469558,0.3153812137761906,26.34505276713504,210.29767192152744,0
79.91919171506505,26.61142315123947,0.407048913980759,37.95763334073737,216.39850505270468,0
61.797667929793576,40.066936237633115,0.3503470744909921,48.89040704608433,206.48680420029737,1
93.31458765854353,30.682676655413687,0.4349976065593102,48.865015935112545,189.34549003566192,0
86.79440120721287,28.173392243439455,0.4916562030209639,79.58813265184712,216.79327728862378,0
70.30824347895295,30.923401529324543,0.355035478030147,29.21018086401503,172.8496492031613,0
57.868654709091224,23.264368552351517,0.4078140186874687,57.58383862753812,181.9865723497504,1
88.53872374165412,25.141929807446743,0.39960426279185013,72.33669662492434,180.7159985715351,0
73.85460154747382,36.00206953972213,0.5207267329398944,84.07174618134194,221.60112118278622,0
87.37816311973462,26.71552860514302,0.506934433703625,43.93403865224058,218.8557702828015,0
59.05572341205633,24.7654450865903,0.42782624466627467,57.371441790803,209.7461047408999,1
69.00624977046228,32.68326376263643,0.5176820872139398,58.54640535797971,221.43859730423594,0
75.05243699718183,35.928520773314986,0.44533199154127345,52.93222597329936,182.41434435176023,0
75.46980593764742,33.594766553325336,0.47283448896739466,48.51732198141041,206.9719023972196,1
70.49934528520757,34.98023842902908,0.6673452090298537,56.539630842500685,197.49651143233672,0
81.22849932347499,26.216024557152696,0.6340461051790348,12.016308721704718,216.93764207769829,0
64.32379570617405,22.89094666629078,0.3700418763072402,60.23104235093947,197.69551534895604,0
73.57620514978707,37.506668259777435,0.5829732417879174,51.89266855492951,192.30114223179837,1
76.20295631711899,28.38660080578932,0.5811396554491592,46.66287654832602,210.8181703712198,0
80.14438834058748,28.745834917724764,0.38517367112473816,80.70293293579337,217.52338334382466,1
82.11614878088889,36.64097070924529,0.5818777643754861,39.87598971814172,186.63309610306396,0
63.75357908162131,32.7811500470033,0.6537931918412553,43.95386016402454,198.7784865729525,0
59.65885829264378,32.279438860408035,0.3877455193755586,79.873299533071,178.83118732716696,1
87.7767682189851,40.825011724505416,0.4082497178985736,37.51908042725215,150.0387796501412,0
78.32314011979592,26.782408848099287,0.6017661466843502,41.748270755951914,204.00919262827458,0
67.51513463443446,34.63920064040619,0.5271495310825648,47.79461864853725,212.17810712509265,0
90.51151975522524,30.285065624485423,0.5551476275239523,62.61101723194324,205.2413361817345,0
76.15674634292859,31.342961394316283,0.5340589216400496,53.117037610299704,161.00876564491267,0
86.79297184063826,37.64234213206266,0.5390695920928145,30.61061979271606,192.9830113984705,0
75.67518481410109,32.53917878144812,0.3673527871688917,42.01747155309216,155.63304479897837,0
95.60747924881987,32.69148039524816,0.6047317706621449,40.88968350181683,227.3940221530837,0
92.55340842443204,35.362536686549014,0.6169589992427773,48.84168432165431,178.27890835763827,0
72.51035851520926,28.175236352285573,0.47706092559319724,56.38765487944744,225.1080721891979,1
84.71570950954356,25.803951663304968,0.49565230501861374,56.27308633831958,218.9173928736829,0
81.45375949585147,24.775954029894834,0.3468892497444278,23.359823689273966,181.98819294927875,0
88.68631557532349,20.16821705311999,0.5514254756017835,65.95911481341284,177.3443009746451,0
65.35076539419896,40.28103564970161,0.5572057441714144,53.78853268994935,207.00740432772676,0
81.8605145999844,24.483958171391585,0.4937808983000689,70.7679807139086,183.11351925633858,0
85.58424486849587,28.89373188207114,0.6124353359870502,56.66297490936008,202.04969284316414,0
57.41260513576886,28.615933500555396,0.46659227690200594,66.51984436603644,190.34344818386163,1
63.16741487334225,31.537033489045506,0.55646059258936,56.998179671751906,164.37683171068733,1
54.607678222398995,34.078686062696484,0.39803356613078844,70.19338634304123,155.39063961751083,0
72.30593165555442,34.30236744179873,0.4976447849125762,57.833759540266676,204.53368496989194,1
82.17542255795962,27.08461280715531,0.48256457420971643,48.53127130335644,188.7688450733875,0
90.02357052096028,29.164391431067944,0.5225307922040942,84.08652080670322,188.93820366171735,0
75.74094780419775,31.412899752441497,0.46304730711666414,63.335556834198385,213.9172767818757,1
91.28615545571292,28.756544369082263,0.4868527404328332,58.6061663150662,223.46884553264888,0
61.198985417851084,38.03672788009996,0.5826047171441506,30.855433751924963,194.5491055727638,0
57.96617560644845,32.45487475819126,0.45632357627617826,30.675385738046934,193.18802586180277,0
74.44452301103381,33.67438893024909,0.339342289926132,54.3907322321278,210.00286066227767,0
78.84065448939307,33.31440634333706,0.6749583904205421,52.182817966523615,172.8612886060085,0
74.67305251905907,35.86736928742663,0.6381454078690487,40.78816152487526,204.46306109495393,0
54.325578999601234,30.905107793518535,0.3707737304894381,52.1147404941809,211.03771943644307,1
74.10879960487212,23.515840260220767,0.5689707805245194,73.82940392065393,213.60460416835258,0
61.95530499495147,31.998439758763208,0.4497025229448657,60.43103711825448,161.2649459499507,0
81.69672548830039,26.743215531040853,0.526348721533106,32.88487235370893,184.7728946038212,0
78.66598246096848,27.356916591251217,0.5294224129013494,48.32736759285584,182.43473494353066,0
65.60120213672644,32.931820093775464,0.4765592199683678,37.925502787211585,201.99773908818426,0
69.86133082663306,36.19141535716818,0.42162343344136033,44.18450125387158,209.61489159535967,0
64.40786478111049,30.106357883680307,0.4309458947683741,43.79576501555536,229.93420814891962,1
74.37320902726829,31.544165062994818,0.40838080845187574,42.83531626093992,190.10069039263854,1
84.55142320501238,38.51107472317619,0.4168177791769555,31.172969420399077,190.04855003381573,0
65.14273953664457,31.203765897442842,0.4932821709950645,48.08517977722715,222.99344037757493,1
80.04046515517844,43.008415570901974,0.4284240010889248,41.59088544729035,205.9315387706061,0
69.69742381627559,32.827548228157724,0.568205206571262,6.058269649965979,225.35303022375948,0
67.07127167737656,21.19618620422091,0.6487246155335927,80.79458036752494,205.77456006019673,0
73.92969640045442,33.76670810552266,0.4419946758629957,66.33154481325008,176.8576676257346,0
64.64757677580626,31.90579192441389,0.5239404500535377,44.35548912612506,173.33743290444386,0
69.46350694652818,36.44876377041373,0.5499685110302934,50.282285746108975,168.96975501882142,0
63.021221074111516,33.365906756349794,0.5472002270919274,32.42518479023657,213.24103669516947,0
94.6472513291639,29.307720080081133,0.5075955267916087,75.43584316716297,223.77193646174015,1
75.35263551971728,23.878508818553172,0.5742682418359722,78.45933042159668,236.9872428277276,0
68.00274492007415,28.954883713569874,0.5482248952680657,52.35040592369787,216.8621066464648,0
77.13979910734221,25.7473977289535,0.3762337577672702,65.35295966278017,223.2567715506997,0
73.8767195030917,27.097382750976386,0.5869156064389274,52.62930168400886,188.3996733469263,0
72.79030400466777,32.942892022103045,0.5887290837266742,29.94911841686104,176.87168366512287,0
81.14166700043425,38.34952252175703,0.42367138958214184,43.82264946554514,217.00158664835106,0
82.57507710047305,31.973357649114906,0.5037937835447602,51.978919501579355,208.353615044788,0
69.69498852389472,24.020584689824076,0.568332899281107,43.181784218848335,202.14888748681784,0
69.2418175935532,32.2230133411007,0.47906861804206385,46.72020083847446,207.7474296126598,0
72.24948302848355,35.98315743322826,0.6072978047766012,48.62900663736328,206.46370964916412,0
51.980788352644154,26.95108547840309,0.7363872494619361,48.78682253201808,225.67633719707123,0
59.84808937801448,29.32991416663541,0.4214013967365018,50.783877357462245,225.89971169633912,0
88.66874267444524,30.073440973645987,0.3618955396846225,34.09092400405099,210.88440704680693,0
91.44967713501283,26.075508434588798,0.5303818595604876,39.244757763080955,216.91605745125855,0
72.50963960443622,33.2414021692193,0.5721562505126143,30.73123601450046,210.2812510484955,0
80.76556963055766,29.395259256961094,0.4769133626155231,64.667233245293,190.7766053593076,0
78.11250154543536,32.09766221953514,0.6453260663321034,18.41529587239513,215.1312934982628,0
105.78880808455239,25.562539110989498,0.3661394200276751,67.30385514975389,172.11009862281477,0
86.19574911434577,27.812708498382946,0.5692918623031611,70.79524095894266,221.07783104591766,0
73.72082408519233,33.61190678913886,0.43941391792411066,45.46729119526068,176.1095412046793,0
65.44459559399574,28.135834239541165,0.6719377906207297,10.952943682590522,205.71606573589466,1
58.93553679742428,38.63481925616703,0.6992515353168118,44.580341570490646,183.09692083147684,1
77.03463635867223,28.001819071926988,0.4233343412216652,49.037237580667714,211.06777966148854,0
67.43649254715697,31.12342362875943,0.44504428640914195,34.8410267010663,199.32149548144181,0
60.77746290402326,34.66295415936545,0.5859587886979802,42.27172409287636,168.10488083673334,0
68.53427115757474,22.908171335334842,0.46128693502104856,72.95292798295027,208.41399262036958,1
64.18451996385605,21.19595594009612,0.4954588782067762,59.97390743452611,188.44158446334578,1
91.87141635072564,22.371718427149524,0.502538842054241,36.1315382843285,217.62293441626738,0
83.81639756949451,36.31292051713591,0.30803268438023435,26.03601245606852,200.02651377468814,0
74.92027358683383,27.240709270537767,0.49861622539057626,45.094740235853436,207.90841970776077,0
89.79944138890026,42.79099642834126,0.4310272225935826,46.798148309743425,180.84862089969576,0
75.77368307647619,27.178762006713058,0.4506877177600228,57.44298781044974,188.21335537145276,0
66.38715798671737,30.922756515985185,0.6443632003468814,41.97024931148512,190.8272272779783,0
90.23124077269657,37.71054976283938,0.3743493105720743,57.67249363042792,217.1340496048511,1
80.38910043684659,40.03046444079561,0.5813205186747977,79.02731060090343,233.54754175610978,0
64.62753845673544,40.30751788318199,0.47210370696681914,62.23251533666394,183.8965649651425,0
73.09661321916391,36.04183115296571,0.47202398315041655,49.27867239003841,221.5369628931536,1
66.24381746615242,35.12031262905731,0.5790371896051711,47.25274293420058,156.60645164548595,1
61.172002690356635,32.96263474600592,0.534005129456889,44.64990298730193,176.1162119781542,0
84.26177547531641,33.89180538083319,0.5570612997219531,67.70961368678218,180.8244308762645,0
94.0941664047013,27.244071418357333,0.5968184660532861,40.59029831073046,172.94982621118555,0
61.01432426180859,25.909005582888465,0.4668691616816677,50.678340634999735,168.3282322042484,0
80.62969236690572,29.98312771294524,0.43877632654922494,50.76796852821628,208.25997824275595,1
68.49357430878173,29.149076887375358,0.3914849473442202,42.47323710782702,195.71864604544277,1
70.12874616235304,27.733859753363625,0.4174589470021045,29.413016781738488,207.5881079521022,0
69.07606075761132,33.481937237283574,0.7949094425308725,54.84461755426502,213.80945372243025,0
66.36009230320184,34.77652604285255,0.6244679580736787,49.08494042216925,205.31233986345066,0
75.48521627944827,30.442034431459238,0.36489256337919784,57.50360704154855,213.15526352300748,1
66.69049883588963,37.38765040527631,0.367754204325643,41.99599540341249,198.6093542751546,0
77.70456825779839,24.291554429332475,0.5481866061718491,68.31231948219572,176.26013223388512,0
74.49761890550863,29.03170270360141,0.5547264797377967,36.848393281822325,221.15628361641592,0
72.6105195313359,26.415888396985977,0.5548883835317364,75.68060426026838,188.21775734437745,0
65.92436337958402,20.6673169146347,0.4745044206446302,23.785452352576076,181.2880740247515,0
69.23228669431667,29.586596570786504,0.48745457399971,56.52155096835337,196.44164248391203,0
82.55391225825755,29.39126245808358,0.5327879524159358,57.131460237899354,181.74378161406975,1
80.00917187624381,37.567248716210656,0.508589300629333,38.06664398088677,191.65139236021136,1
65.22444755201448,33.154058422773886,0.2780699627252465,56.36590906791519,206.88107843126932,0
75.99332305429226,24.879065878353977,0.47702003694248063,69.19278004640239,206.96683478492253,0
82.5138712337179,39.27046283167094,0.41485935657396866,16.74771740968903,182.0433986714874,0
58.305947188786284,36.10516847762676,0.5175211418908512,57.54117211236222,190.2458925410251,0
80.43360192379934,32.910488517343076,0.7985259002603411,12.600937695048835,221.4866600954049,0
68.37376241054153,28.86757950575084,0.5367481665474304,35.51502794715188,209.92800235467882,1
80.70598668593159,25.202803816382602,0.4686470313827602,74.43749547351418,241.50130078697083,0
67.36740843457483,28.138966119644735,0.5921801501977252,41.27326949911919,223.60256347483056,0
56.95117899335481,35.443743098520926,0.5482687887209212,32.39180053386541,222.88586137119879,1
58.72457562116837,39.42293152967304,0.5420094490451841,47.03093406522977,172.24262899088396,1
75.48084946661382,37.71621764136094,0.5606850593215671,81.01859507245328,215.27720703266846,0
77.59722501721483,27.55575289106863,0.7056543564829542,22.524766291909607,198.9378639660618,0
65.95683374895592,24.401912833554945,0.3869111564674084,34.230351325409835,188.980363929235,0
81.38592458777374,30.70443123455602,0.5473632076811454,72.4614752476944,203.36030681065057,0
58.3847993773104,21.157803172185744,0.40736188700184617,77.86553515306599,218.90423069222967,0
74.33920201352683,31.615838570923906,0.5555512646342249,48.44853163564574,210.01663182008423,0
62.889838002375434,29.261987068506656,0.4081313488513906,31.414209462100363,182.4305239731588,1
68.4816389219784,27.66981749065879,0.45826331863949155,81.43765252713739,214.8491782718524,0
75.47398671316414,22.02648466366602,0.47049100857620935,73.91663587623795,187.24824915848072,0
66.39586634716048,32.568000532848586,0.5975816719344709,60.18420481643349,204.33366237928573,0
71.15444455770175,27.336495801690443,0.5918454443942414,37.8139647659387,193.9329986504573,0
85.0629280921444,24.15041582144856,0.37542826235536153,49.26455988742945,195.62267496528747,1
69.23108130476851,15.638688933591753,0.5054934110999849,47.59459878432754,215.3248595008102,0
83.35692112065142,29.862425474746818,0.4290420145250827,54.962769569233664,179.19612560368205,0
63.702931453423815,38.86125798334872,0.37414950893246657,71.76502157197004,238.90390148553865,0
80.29804177915283,38.30629607273935,0.47829829495756293,63.191255617061046,163.57827861411008,0
89.41568620657901,27.714518717068643,0.46915172115441806,33.83935884522863,188.04664633490285,0
50.283554998727105,26.988939698191096,0.7426716486345523,70.64744675029307,207.40423779883483,0
67.03104744529523,32.34387128037512,0.5432959825360696,54.69698210019733,211.6862833287062,0
80.7707212718054,25.008072804058543,0.36223824992457626,60.305986937883745,197.9904855885659,0
72.96954613957007,31.50895949909733,0.44352259958290574,71.99811288917904,198.85218593996916,0
78.71145873371309,33.83040139192345,0.6021383295429399,33.32629625729673,208.21100170655234,1
68.9601481328418,36.13466611942154,0.7088442772869925,49.462616319403054,195.3786104508464,1
75.865897874729,29.499229617600236,0.34140166877620415,42.028181729611774,227.8636251586981,0
73.44322764607921,28.98163124911517,0.3120075614860955,26.48210861951816,216.78698228463205,0
86.67782061659807,25.610087066217194,0.6870965175371783,55.2006496640738,217.4564870201127,0
77.54420843301213,25.8655982298007,0.5389614177370904,87.67334827376635,180.67686553259165,0
78.37602662075201,28.867605540492367,0.41317072681236333,22.398833832413708,198.41223151188595,0
70.88123033877532,31.83682753408089,0.5534629086122436,49.51579083425794,193.99068102558593,1
70.12393775927507,34.567923131166246,0.23642522609831224,59.6081440261216,179.88797248621069,1
70.6744181218038,25.984105246598276,0.5003375506597161,51.84617302484272,207.20328367891534,0
78.94452142378297,37.46344284479761,0.5327821172843086,48.303079212263896,189.24708484440367,0
70.79015519179737,28.644381994787157,0.5924270139537829,30.511754548312638,213.10807659700475,1
77.89774856896413,29.89316352825782,0.3986104047707462,53.49180114410245,178.59616874211338,0
95.75400798645438,26.263941604260882,0.5085687161403359,38.6485403447611,234.3808122568364,0
83.71124703431693,17.878798698635293,0.4074575373940413,17.1511744253217,182.07334682815878,0
71.73976467832159,34.42022698180525,0.5255383755674317,67.91888330770595,204.38604674400872,0
87.01213922163944,33.684219485462165,0.4104653677636976,64.37578729763064,215.83718620776136,0
70.91924626978448,28.593362214408934,0.45918991608397797,50.7749146527662,188.58719139599773,0
54.61875464822146,30.33495358612436,0.40041846052097707,53.43612032308554,217.04937286865902,0
64.91913689082595,32.5796960885205,0.5651136241823657,66.11477019073342,175.41632804399168,0
56.29208078974145,22.187270715567287,0.5858451116656666,53.36509485167124,229.0423539836512,0
71.48486515958692,27.354736613268525,0.4765379430042586,63.56026332141972,200.28298529931516,0
75.18418379189552,33.971323398109135,0.5038237994960029,45.53776698689225,188.0717718406224,0
91.76437312275283,23.728552884153753,0.35514085853664557,69.6797560786092,194.01636455145132,0
78.26927373764163,31.467789660833148,0.4700323351993213,54.81178588899026,216.17838538785438,1
72.80899471191135,23.217090976882975,0.4949795382958255,52.91077915408811,188.31089416299125,0
83.2940558118349,32.33214991216763,0.7620793091029976,30.94908366931952,185.01284621154446,0
52.88864690992115,29.821792588512583,0.3888032974225836,54.30433781452563,195.56926804832523,1
77.35614558108566,21.924340920472453,0.6464177238752438,37.52067623758323,176.46075774460064,0
82.70865193886966,35.82369677228586,0.5996858773465807,40.42575910207259,236.4108781588363,0
60.214137542201584,26.327042116009753,0.5280636404490137,37.769365575258185,188.67210817570555,0
86.43754043206928,25.948737814928094,0.6758620484195134,34.006476021511624,216.63233572360807,0
78.38496407494414,31.002845986154714,0.5372105472606863,81.87157104525443,204.18940167295546,0
70.84712086099199,35.743186747143575,0.5389159195667929,69.97008592982604,180.30931899036062,1
81.32781866106285,24.920890905108017,0.49468793469824546,78.80551253216392,199.88090581574542,0
97.70692857804396,30.30839924923986,0.6223568882418627,31.656574706666543,215.68005558621496,0
76.81866255058495,32.14408250165287,0.6096469233810884,51.068806248663385,196.23477329827386,1
77.48220586300336,33.46552803631572,0.43743227125037876,30.597385621938564,223.86225891702057,0
70.40639100459757,30.882207776386124,0.3680752805401233,39.56457684204404,220.43030785563727,0
66.50155630535208,28.164860804583387,0.4797019362604343,36.22809524875137,218.3782970931666,0
83.30335816544246,25.862048896756402,0.41999614356023535,68.59376009662343,190.80686455454006,0
66.43916174091133,30.430719415231874,0.4936475425384645,44.0565548284736,178.40315104437025,0
75.71566237219392,24.639304940071966,0.6237438134684139,66.02569000541024,187.72824789274412,0
70.22342553234883,15.393247582526964,0.45426983449132097,59.061813343827765,203.9248188133344,0
79.78979825746391,32.18279902078834,0.49571766186884253,84.55458128157184,210.9157342706471,0
78.33662105286949,34.519674205430974,0.5058022734808395,27.80833665290414,156.56857190479104,0
85.375399442579,18.18533782229081,0.5848430882205284,68.88849859680198,199.83773596776498,0
69.89983601145254,24.95134647645031,0.2753110666015395,67.19661305601092,203.16178450646368,0
72.30125064706628,33.09577130502599,0.43932997052347034,35.39931742959448,194.44911487368896,0
65.21236284217693,40.2874773485585,0.5211283692279473,65.10700004709739,225.8254767803176,0
70.55706739923889,30.10396853837704,0.6200078956426861,55.042174445393435,208.43560148501743,1
78.77300493044852,26.35998529385433,0.4508097552493795,46.587856100698886,226.20383816161794,0
82.56988616645351,29.0855177944758,0.3123447293958126,37.64096769542,195.68078959299535,0
65.77834675822375,36.87438209574093,0.5619711445966136,39.21335822826221,218.7495498501385,0
83.6960592010566,26.770179104377323,0.43646376111743707,80.74718143678889,232.70132789055037,0
88.55637858804951,26.00403996674873,0.38103333409096385,50.01024228436224,226.23386898545323,0
79.13434903223701,27.58628238908984,0.4375654610286776,61.73195002297189,178.15716813142535,0
93.76795812558066,25.233356958706437,0.481547464234415,38.13650927498671,194.92647844915237,1
67.26210800896428,30.613351579973976,0.43952553354617874,38.30220580667542,193.09670589100406,0
62.55345296688583,38.1233922923478,0.2794433942900931,66.22977213874913,209.78509070152654,0
57.212797510957216,31.615396365580146,0.5897066196887132,29.756356826727018,213.72707110029066,0
89.96044311489183,28.738232489368563,0.6274875041278722,43.77179348142093,183.22214651948528,0
81.54365656354058,28.54094365542228,0.5651521991339505,50.51041116608348,201.35677027833876,0
74.44415329089544,22.184045956516716,0.38623143295751833,51.67058902760078,159.60145335687727,0
77.7996862631982,34.415548885735795,0.4798508466052482,47.313600724757656,228.8389001160378,1
63.74510952701623,29.61081401493599,0.4993478684770542,55.937296716438844,189.75251518646613,0
99.45751979616827,29.09760043204687,0.559879438956191,60.39283633726717,201.11727879688993,0
76.29221181975228,45.965537839224304,0.5668340488718081,61.01956318188995,193.80700572023878,0
76.09394794604893,31.49376454182843,0.4265826201221504,35.2129428699826,222.9205515002683,0
82.25766623898691,26.24104474952408,0.508199555641356,45.73767353106804,143.24987117205242,0
79.81009231736714,27.868212018972283,0.5457280404615241,67.92144292815406,199.66779315348182,0
77.23884024279131,35.74222854598378,0.6455822322146767,63.419707813608085,197.88362485004603,0
67.09525544554688,30.56635205268882,0.5704506539824723,29.40710822778404,190.92727224816633,0
79.71468357135996,22.808610108413166,0.5789056687375519,55.27219850528302,234.52453091271263,0
93.82024496475034,34.596144672876015,0.5083826627929361,20.326621259377845,182.25341082288458,0
88.45420046154977,26.65927957230503,0.6410459145203504,50.704023530905545,215.43592354471323,1
90.93186626639397,39.366488881087726,0.5409762795959497,78.46650525118966,207.12505577412168,0
69.88784323568815,35.40024032857324,0.413891208982643,35.78160924096521,225.2303850507103,0
65.1039517974142,27.763390521706246,0.6403369970125191,37.48515431762627,186.65621830444988,1
73.74213079900352,36.40508180867556,0.5697903272539028,61.460446723592895,185.34062201752482,0
75.55724912288694,30.339277552637018,0.45569559788715175,26.85797727185531,221.92139814954797,0
85.94191518470949,34.263868375611096,0.4520507032600757,40.50867455172441,208.5064261666022,0
58.07535370285181,32.42366408647237,0.5296575545140761,58.94661706372629,169.10125306646484,0
90.29550319460614,25.768216725045633,0.5463184795267585,40.48571228465895,189.21389971073458,0
73.4199210142101,26.78225083841269,0.5197292265631206,46.46045019183543,207.72765307696122,0
70.7311893005258,35.14980408790581,0.5311308673442885,61.16278565472552,216.7552844309318,0
64.87895624739832,28.326123339467294,0.6699957374576381,56.32319125304842,186.4153869361409,0
58.451433281342304,27.981757683790015,0.6071543152234886,54.00227594443103,141.71488020366118,0
83.23170583961914,25.224387103253235,0.5190635591265025,44.91316581094942,210.46446371474067,0
75.73317967188405,32.11799532796731,0.5941310580767484,55.55091672903433,175.59358620112047,0
62.10039100258946,40.31262459621573,0.39674760964724604,48.14400979850365,159.65322403755178,0
62.04921227936384,24.662335428728635,0.5397927049946809,56.86708414888677,143.35348150031717,0
71.64215300709871,30.12109728336379,0.6809306349733111,42.54601962323033,216.2796172039548,0
91.69021525289392,37.061102777077146,0.47819541046076264,47.26146538430688,202.57234900809934,0
72.40408648636395,29.601793043771423,0.4152366071380915,35.15063311171979,195.48687238575496,0
59.96857046881894,32.26185898124867,0.4347911111406939,49.474885849906464,227.78048725925524,0
72.54256935914056,24.688032359265602,0.39103669626576115,37.83498704556733,212.74649366046145,0
72.2727643025233,32.141535486038244,0.42152380918722965,33.2893032475701,232.32600085443835,0
48.03113357058429,29.064278674977256,0.4629491901409971,53.87991721783082,172.1452905566601,1
74.45705133482188,34.928649978399314,0.3594432980821358,53.1910966378649,199.30898752092074,0
72.69065469791322,35.936930257823754,0.5015618333949603,61.74310602422859,167.6657325010397,0
81.96206364813418,42.94781821009307,0.5902277173786648,43.53311645637351,195.41235336289066,0
93.48956094945345,32.89816586606788,0.409224381985308,56.120792702551334,195.02768292466646,0
86.26565029547757,31.628981582910832,0.6519283923641769,58.26196358410495,212.53227274526142,0
72.3111130944517,30.97192150788668,0.5510792088527595,56.67160711747392,200.91127762283796,0
63.934740912583294,28.23416853594656,0.6030580585624057,37.61519475796787,212.46814276559832,0
100.7335980324986,31.692419217308455,0.4342165446147863,52.24045223406783,214.0688026627779,1
75.59218434014488,28.522992949304854,0.5854525227066616,55.46210444081992,243.09857354766285,0
75.13929291912946,30.84230488134807,0.3908066099604687,50.10767700361913,193.6940668942775,0
74.75874912889996,36.587987678039795,0.5890247500836508,18.70283512443373,181.17954598667242,0
76.98084760767856,24.967287173601793,0.5171839339793531,52.4073443596022,204.92167230632816,1
73.55639588076058,35.699392805645225,0.5553251219984784,83.18796559095864,183.95439945720912,0
69.26337993119763,36.58557533669933,0.3824405394375148,44.59941096864526,229.63921536873073,0
69.53141058759608,29.409657365044605,0.41049301577233954,39.07884353217018,194.33563922109533,1
74.67246729784002,19.390725504957025,0.5597228218253385,55.600228395670975,188.6884726425202,0
69.56575228866235,26.960890064527838,0.4051651995775799,54.685673156998575,190.57368557697765,0
67.87154217322836,36.484972732805545,0.5463206292099123,67.89102748124621,214.36834846943282,0
76.06430227691897,29.88565968850559,0.3632862193539754,31.131977661366683,196.8450603353703,0
72.45022782579144,25.003488838525445,0.5848174212666668,60.97070378862489,187.16666359739236,0
90.0399298858269,27.47612539385891,0.3767476685231491,58.85633091877195,233.3070383524706,0
48.49030191606988,34.20310013252276,0.5552299937679523,47.867801945891806,182.876603186765,0
85.91506851922462,32.7336678410069,0.5625630933646001,55.08030976882535,200.71132148065988,0
87.4608519249763,28.80533950415153,0.4303228181570425,65.44186222397536,213.0461230322046,0
54.2660976759185,28.165877940926563,0.5582026567084727,63.08473070042675,167.37329779165853,0
71.57312405919652,28.04120925478089,0.5260442263333556,32.85471031889407,209.6052100281185,0
71.28559134004209,25.387949077507486,0.44611581438072617,62.30237280133227,178.897846490391,0
60.924883052821784,38.07687844734721,0.39914453159237917,49.029670924512224,216.45565561668005,0
67.22183312409125,28.3883976539433,0.3037374308327421,51.09311147023273,180.74697976162048,0
63.894241545341714,36.085792604127484,0.5349650047299693,51.097954865025415,213.8553806369772,0
92.52270443423623,37.60658025961226,0.3435197228637945,47.7463551680261,222.11666132589426,0
84.35678393147461,34.9915544907398,0.5095344199441308,67.87561245660598,217.2287305126561,0
87.71555094994159,27.841898436409757,0.47365517839177507,48.74423060226182,205.02633296476205,1
82.21672064043236,32.018650451683044,0.5679142775438195,33.20680807425247,195.373981141406,0
63.70948228782771,29.879021968045418,0.4697954500510136,44.09705216045407,188.47160847330312,0
69.75479733720226,25.48149069634936,0.4670552213652909,52.68042075215713,229.42069381634207,0
79.89374561227918,31.621796408608017,0.5731870704288295,68.43822176445576,186.01009559664715,0
62.778721911080545,24.10480104420099,0.5335058029084118,59.0464202742325,179.2586785286001,0
82.12998430172388,35.93839694230782,0.5316155957182779,37.24197081879434,213.3073787006566,0
72.59674601841866,27.676913513508033,0.5469267589808526,87.27784875018338,184.0772639362701,1
71.25179192450402,31.005798279364196,0.3464427876792894,53.97162966466969,180.99873005067747,0
82.10959968203491,31.41643935773071,0.5756788679986982,69.13086106998523,171.1279147566047,0
79.4426331148604,28.705475131479613,0.5612468794013602,47.72428349634156,190.34180321078964,0
71.3903383418092,32.933469007376374,0.3983316871423503,58.00038867058174,198.34569952207013,0
86.59329803364248,27.62548171688738,0.47559195263257986,62.59202756777607,204.86183455321398,1
64.18936672400102,34.35648648728622,0.4960692712372369,68.27292067631384,219.02612488598967,0
81.15935606944264,23.270101598766257,0.48655032155982675,65.86052458067337,210.53795847331588,0
80.93101257968384,30.63189789773206,0.5333859966568535,63.08295500109467,196.1825556089364,0
71.9045356068601,39.694644995291426,0.6431366781831184,45.27369903208837,196.0360864724056,0
78.26133022242118,24.998343376972127,0.6081766727672828,41.42380937065908,210.20314937830366,0
62.488864236146966,26.611275147375743,0.36877808065685935,54.989112654862964,225.4514032585714,0
84.240270192069,32.569539248294575,0.5622069990306049,63.99692108511604,202.526283989664,0
73.15097863557011,30.89790890969799,0.632893331953541,46.6591894883509,190.6173829157918,0
69.7727697948096,31.753150496367795,0.5386808520689202,65.9775794857158,180.1426799782891,0
85.49009225836889,32.44593565073832,0.6090980425185967,71.78925118229269,171.09589471175548,0
67.9565630945724,33.17360734280885,0.7012270445700766,36.2551862138987,213.32539344087047,0
60.91538703636441,35.54849920978111,0.6023709546106981,37.4461894430558,211.55957047279114,0
59.433708264760966,32.04909328464257,0.5249308595641728,47.894374116419954,211.54727050213324,0
81.0600995134564,28.793711726907286,0.6045088474084753,54.614190022837946,197.42681107295888,0
62.19570647503717,33.362868506013655,0.5144887833096892,42.131494793494234,228.138694917835,0
92.54794181984364,39.49940967447608,0.5023903043284955,70.28304018300716,190.31763010830366,0
54.18070592116278,29.33683126808713,0.46485857642862677,56.36100292277677,219.10538474414412,1
91.96456368290038,25.127353476646793,0.6563413358832109,50.59170572361109,199.22514210020913,0
77.11017467202619,35.53540334643486,0.41815713340579985,28.461357141972087,187.83298470641324,0
74.03286888129608,29.398094180232007,0.6532367724678116,30.262762753587392,211.85060614635523,0
69.5508091319105,19.13665226992982,0.5499864123740371,54.2151387542271,208.19272237367989,0
78.9913611435207,34.23710838575211,0.3600693825198058,18.011065607677455,207.13945518533853,0
74.62365297575151,27.323359070230385,0.5367649292991421,65.18956114466107,201.625568441124,1
86.03301882016521,29.547333588479198,0.28999734923483755,47.627692334415194,199.24213836566338,0
76.1422764866204,31.659901652845072,0.5625508016831036,98.64639454392099,247.76743985740876,1
76.50301761461877,30.952498398895333,0.5885231482988991,84.61874375924165,223.68513290392346,0
71.36387787786144,33.547259085695195,0.44076440443479464,47.27826396128725,214.45653789971024,0
74.43054376278933,27.822568147150783,0.5123547695955583,48.40494496203028,202.23598316406776,0
78.0780176889206,32.565528990880416,0.6954157433750286,64.93372271003045,220.14314401193337,0
57.89831607343375,28.702266612080415,0.4494253295738063,75.54758914877057,210.35989552782902,0
61.518145778942866,33.694052404437514,0.39410924129433994,25.42956413845975,200.5240950554807,1
82.43264094022715,33.07683742006527,0.6481663402462599,23.204368019679702,193.9287134946817,1
76.70865438127942,25.322806489777022,0.6962587190530795,40.66947791668428,198.38165324674623,1
73.1601666364732,35.42991058087516,0.5003695671847848,58.74106374760797,136.5914852824389,0
75.18433933065393,27.32018277442976,0.6011463035408356,57.453103857613954,204.21201678595284,0
78.47581705361671,34.040288991405724,0.6341475915530881,66.04657182475775,190.2304783977928,0
69.60240319690638,31.836436567006704,0.4257515767461616,32.00453707452038,231.85339996565767,0
67.21695274597687,39.190918383975614,0.45146941646321315,15.257842055466853,200.3868814162351,0
76.95845255097682,28.88267008814074,0.6230874513154735,62.87021292953218,176.22073160930077,0
65.21627222384969,28.253416019409013,0.668501427870851,37.57705590552148,199.00239691743764,0
79.08252755714472,29.902901970561338,0.5562880860174355,19.722682034170433,179.07757829874993,0
57.9741639576216,28.484101085828623,0.4120185646497946,52.175956189390725,209.46814831424933,0
85.29155637325644,33.99970950971025,0.6987061111699442,61.897635323280156,205.8189472867897,0
79.72597482413043,21.91844695781706,0.4469029102188036,48.16914301818084,219.15679262216534,0
77.56029734313876,24.73158790426823,0.4664862218828548,43.13227420726266,184.1823641661087,0
84.82690983945514,24.660985392104035,0.5342337834489621,47.6095665178114,200.68016192456292,0
91.65474444462576,34.751537959867875,0.6554160420714774,44.44125856398826,172.6995640914673,0
85.1437006501813,38.553066862909624,0.5853975976552224,29.779293320897494,214.02989563849428,0
56.59125768668355,29.477753907312643,0.5414865500361911,39.279789845143526,210.37742360880245,0
62.204230332642986,29.155891384049948,0.5463288530118107,57.81919857520722,209.9161004205514,0
68.75181422304321,30.350260815565907,0.5043514668643466,54.8251781206475,200.03238062713882,0
75.26091050210833,35.80939151304095,0.5558139514518506,52.520897089502306,208.29545781577582,0
80.17659020469122,25.36323432904713,0.24704399223056966,35.07277277219931,232.08678216617193,0
67.74256186846534,31.191844913673926,0.4703392540930202,47.27745256796499,194.2981148591597,0
76.86766764477078,34.87598814891215,0.5241321934916781,17.34402430335718,202.7729036742017,0
67.44617067646678,32.50547084969923,0.3848985916380493,52.67714995828084,178.2774740163718,0
68.88482197008052,30.947908082993717,0.538632331781156,71.4328656172035,182.63478076803335,0
60.93338903151778,35.005230462835705,0.47955287790138784,27.888018019368413,201.95626586186614,0
65.76766753889096,16.483838535003812,0.675547569831549,41.21108490023367,222.07867093403814,0
61.48315394383666,33.38937659765454,0.6573019725214857,54.93660168065195,194.87438351496854,0
65.24126747022667,26.72962158436288,0.4534194430881837,68.79263951641225,195.28166941375753,0
85.5364179660784,20.846835515717714,0.48491622884333047,43.276630755497756,191.8622951099125,0
65.50601111168056,32.556012997624904,0.49260524343916073,39.616245061011554,189.30486658311355,0
101.32382064837391,36.86829272581479,0.45483405238403773,20.466152863758754,205.89942911417643,1
79.93317900880889,29.31275742686154,0.5195024984028127,51.551571939621596,170.05484709642712,0
76.84836123694873,34.76437273601469,0.424171793111241,80.63114060215617,225.61879153333456,0
66.41642219818786,38.06139128994323,0.38693846650624736,54.16037692947014,186.69155403741078,0
82.00309879408991,36.57457226792024,0.5622711223900269,49.6658153122443,214.43806970876284,0
69.24362173762226,38.199822646856965,0.5629529584221811,54.83123466150478,174.60002805212247,0
76.22009814645361,33.71063745535946,0.41956842403400074,49.833619940770966,213.37680261092436,0
100.60084538268795,30.377168194507963,0.58953554307626,37.80478441609805,213.43889215628994,0
74.03940100275351,21.990170940514158,0.43684222708346687,62.34919873516558,207.68404144011794,1
86.49273326285676,28.769687559350256,0.5253165238037981,53.38642284667632,180.11142956400414,0
67.96823574874112,25.783767023419042,0.5820344012612456,50.26419877900486,204.99096379196155,0
74.65011509503039,40.85471358748907,0.4966387435296287,35.369509590826254,176.33887630531223,1
92.7080063563551,29.120570937838316,0.5454740912141134,69.55261897902139,194.9447348980763,0
68.73032942212232,30.61602403392243,0.44835703561124285,59.97054117999665,220.5882620191065,0
93.12448557996929,32.75742688020234,0.4803533416571903,41.70618743949047,215.93403854141485,0
82.07751935455475,30.218012231862268,0.479414056911966,65.02737280522906,200.30365885080866,0
69.37533224105732,38.47525520215376,0.42534216534597613,42.536437424221894,180.50386848154315,0
81.3240773905552,26.88675319132774,0.4823225836884218,38.26994761233445,212.91175424348387,1
84.7255444962673,30.973037276186215,0.34513817011362535,38.604453237795695,200.3876247539605,0
81.21809962217196,26.28764707150976,0.45088462528578954,23.433971703678633,153.59368803539155,0
59.297752801095434,23.39988744389647,0.47151245066303293,57.073135706273085,215.65259652633037,1
67.72862824175131,26.941154545473573,0.474382024750462,22.532826824924747,199.51534332260616,0
72.52481364448495,29.81481601475794,0.47585025541292214,31.573342531013562,224.04902495966144,0
74.25566570899954,27.8534888774137,0.49382358001398713,18.866179863822,178.09458962314392,0
81.20672097550678,26.53789510063072,0.5479441518086063,48.7089546081366,136.46592373608,1
76.77701000933254,22.96841268164083,0.5874517074132523,47.74519309592192,205.58167716690372,0
61.64655641289899,29.584472136856526,0.43502347731517327,45.09955680220454,205.83127353363946,0
78.80197851005963,22.476398129844988,0.37967991446108557,34.36133457994136,166.18656744787097,0
81.10585745283824,33.80027981844801,0.3957955587756897,32.416493698450395,180.43000908266788,0
80.5979044793104,30.412198764672517,0.4512797078805073,56.96554795319861,255.10435487439804,1
85.80780725554622,22.71224250267535,0.4648078682183491,41.74172102437268,193.88778771692392,0
83.33922154548904,28.453954614750682,0.42300039338025425,54.74537482304217,214.61917952752432,0
79.59180079228437,26.239217972047083,0.37038833357501055,36.72126970813666,186.98680345263233,1
74.29834288541353,31.5958725520959,0.4543879172525812,52.71594114156623,158.19394202293688,0
58.39039066484008,36.702252230115725,0.5181426620113971,69.54917055974096,196.59483506408188,0
79.29618219132585,20.624137651771278,0.5595029465835565,58.79248700589175,194.6879087942779,0
77.07687687163111,30.575130395737087,0.44425769468916787,43.813792726752794,192.00243522663257,0
77.71578837195374,29.199336022166797,0.4587002177856566,53.85798455533891,197.70718328987215,0
62.232514241796906,33.35670038225233,0.4073301691152689,46.3900223820468,205.28536543291273,1
64.18943459591738,31.065983141188447,0.49685608296252237,50.11820277042092,196.99766097492386,0
85.53152853332904,26.240153341305906,0.4151571365809185,45.115834217772445,174.71987664105274,0
74.60444846143345,28.40473032166691,0.55731278132412,47.53497191171913,209.72369583123879,0
81.81500697372624,26.019870715982556,0.32141335080658884,53.18140029611263,161.01256489355154,0
75.28318376130461,35.38003569299299,0.4640370327547538,35.09961950627074,158.992850854316,0
75.29756139495746,30.10655824335971,0.5301107339191742,34.761817595150326,214.78360989403137,0
84.38283805975998,39.50595342876504,0.5183834516322504,29.171861692531834,210.14040544270713,1
69.83955271782627,29.696695930926897,0.7693033663980497,25.995933432444353,198.85209269851927,0
75.96120776940984,26.457966165447687,0.5349800024567908,31.74075961669281,172.09102990489856,0
70.37724711294958,22.431428036935863,0.399594540315799,52.39193760206194,185.8417811865185,0
70.65503772567685,20.984301618720274,0.4904535752910927,36.60818726762174,194.74506504626993,1
71.90827876531361,22.079320284972553,0.3223753666533548,57.70421696346644,168.08212062851774,0
77.22133771633713,31.335633255057417,0.4919400250703239,50.52070623128843,185.21942683953534,0
70.21251378336522,32.54362511614967,0.4166943942999241,20.472436798429193,213.0466067635336,0
87.55756125573521,22.094046489839332,0.5915390275560162,59.824633763325345,228.54610728578433,1
66.05392697780496,34.475191570380574,0.44504597254044653,62.16197968387565,191.611304946829,0
73.13128355838641,27.5846947415828,0.48832340842047534,35.0920598774772,215.12976708632198,0
70.60268941725825,30.733965059927748,0.43644421585955967,56.302873143424875,161.71879858825065,0
89.46977884353733,38.06110314127712,0.6738851351853331,37.15252643886201,213.18902482227224,0
76.96554776511574,34.48419657932766,0.4678757233882088,51.46505565122503,183.9210317054504,0
85.31844539468635,28.657346760470837,0.6832557043479202,31.032523895675517,206.1469123341594,0
60.14439626963028,25.544038872923565,0.5814151762118267,23.103403211981348,195.04495163520582,0
77.67050265869258,19.240922993353475,0.5482066727335386,44.257742155805474,226.4082801956767,1
83.89630795623437,26.4042334037879,0.5368733147317519,48.14406580587746,182.51128703320163,1
75.82283989275425,28.944348805861527,0.5393797298216252,44.03480459578094,212.55212595123663,0
85.65480375065351,25.06410236424408,0.307232742065439,32.239541626661605,194.40985073406932,0
69.82711549899628,29.343715164538477,0.4721116605849244,44.00151406803295,196.83389043980674,0
89.0934744018558,30.384259414793842,0.5845157971184322,54.03942128871101,196.3229221368158,0
97.9889812361925,28.875720090959607,0.49511028165258947,49.326604548161946,183.08653791011773,0
71.37161439560342,26.7499870958827,0.3594810153196425,52.7375154589882,199.71802068186656,0
70.54497478599228,30.84327335983364,0.49475955494225304,39.94827199318651,198.74703555756358,0
89.533844771177,32.209703247847045,0.6704105516255492,67.57576872074239,204.82480496813457,0
90.79572145730712,24.548004612785768,0.6246891715534719,32.35739995167829,201.69010291385726,0
69.77139972846732,37.054661898731354,0.4937995990633968,57.31340445630078,215.95989099224474,0
70.79813182904142,29.507059338578692,0.5951449277058086,67.72836639439942,218.47017232094737,0
72.18215391139493,30.094248114724238,0.4633492979631948,57.21362139123343,178.98753356344398,0
61.555494889657226,33.541072116282784,0.3296128413173281,46.96213659402755,217.37545001181542,1
65.81348053515802,31.166080656317508,0.40755340118704453,42.07554430005531,176.2732714578029,0
64.95859233247933,34.76568316956622,0.6562888768508198,65.54131476569384,211.7571177627547,0
67.32202434895872,31.43562082600912,0.4726006918170696,28.655376121074905,212.3947756940574,0
74.65315112613219,26.93781312679781,0.4756616020624982,35.44813609430535,161.77366216674992,0
77.3421473253652,31.80751762603051,0.4700161803725119,44.03663351762418,201.8595849305882,1
90.50500492814076,24.28136896339669,0.6904136589573007,68.56480636267997,190.6300777327937,0
65.0164595926121,30.542798528882617,0.6625958915362063,55.69651454061344,184.8246948412925,0
84.84322398476584,29.833850046777695,0.7218780233448134,35.47931362234632,227.0170466139801,0
72.86011155774491,28.959415713637302,0.4840954789599949,45.34538441922645,186.92641718725162,0
74.50536290347567,29.357312442805345,0.5295624488747095,40.78515283855558,183.872461417639,1
81.74819492166604,20.590754772511804,0.34833574505792086,39.353165116496974,201.51389880010186,0
63.772779784377015,27.256375461295193,0.6476934426118275,64.68334337835168,213.71179492596832,0
78.82409746184051,30.464224505705573,0.3832220448732065,29.423853061047417,197.16702827979745,0
76.66452208213056,30.799281959987002,0.5216775563762629,74.1317128360156,223.32741091338505,0
79.92451264008149,24.86162429537021,0.3902697472367156,62.42344535276934,210.61951323928182,0
77.89168643907819,36.328539204323505,0.4411133173261304,66.36292505905547,156.4357736053714,0
99.55300139910895,25.669125758927496,0.41627375689503,43.05590731962113,189.41066072985984,0
68.62260015748684,34.84728600263368,0.4392124739324182,47.75088921381336,188.76315801296602,0
69.69003044998182,32.13597180935842,0.44608772968510213,28.50272278212932,209.58721906858844,1
68.76859473575236,26.768863450780984,0.4451731205074923,42.130063893997956,147.50365887251775,0
69.44522880839746,38.87655446304756,0.5833333911780307,57.40482271464727,250.98019417435444,0
68.62612872693482,24.0318158412176,0.389513720693748,69.44094592672094,210.6205218978842,0
86.89016531107552,34.59577086805001,0.5220541427013867,33.392647747963224,202.9775360783538,0
89.20504247989855,35.00291159021489,0.6217959152305559,44.517410945221016,223.63135432838294,0
69.29253706250523,26.646898954616777,0.44868036354866037,47.73051169651217,246.8730810562525,0
66.67644426895771,36.962326500321645,0.4282081109252398,29.063161967112723,217.41493289176807,0
79.71415556386404,28.749767427005235,0.47694753748197494,58.87023862637601,218.9762619294324,0
69.47776955719029,31.443468146399287,0.617972520836071,39.14014502386087,202.61380048928766,0
81.32931817755511,31.301609193856102,0.5194107630953357,47.06914473234464,197.16948493266102,0
77.029230208513,29.32845629264726,0.4468785705392401,43.22075942132184,190.484091119902,0
59.84255885002768,34.05404136579891,0.548387665118804,38.159922414204885,183.47776016570916,0
90.47505201330061,33.967443602761065,0.38977078501635765,49.89432521779168,186.25971800601005,1
92.95877673095522,21.257340133809095,0.5681359510442948,46.76585632147967,172.98888071314033,1
68.87211309515614,36.52170121439076,0.5408607307701767,44.42213176582002,198.48257098629952,0
71.12298440064016,21.68754005982163,0.4692191528861116,39.07307567479486,166.30664845547227,0
77.85865390724905,35.16273102170829,0.4161414201552769,54.79287006174433,203.81833048287422,0
78.34456789987026,35.633525684137915,0.4113319077716543,74.80425902738428,199.27338783915317,0
81.5854427267283,24.54516784892401,0.553481733634591,52.09830849258691,202.93870596773377,1
95.1020453876635,27.945928560227077,0.6228980502489062,64.94177322366693,189.55736859960015,0
73.2305277250595,24.47147665757032,0.43626922529712053,29.14667112269806,261.53720740361007,0
67.01702755461547,28.925394848556323,0.5458386703551484,52.36642158940654,227.20231800360625,0
61.20680771985473,28.459828579071292,0.2912972981397931,33.539475215434,175.10914999830555,0
67.69069960058081,33.8983026613467,0.44153822693428,27.846126087021478,204.65736174853797,0
74.66873027126204,36.55154373059804,0.4968941067129098,38.909428888114455,187.83987714125354,0
92.94557863517788,36.97841905394978,0.40903165830181665,67.87849001620359,179.71040546585172,0
69.82388700963828,27.18915986710849,0.40634936252104037,64.25023743004468,173.1985585775213,0
77.23787951638899,28.95389063127736,0.4332220443531114,53.645070830815996,208.64433381518506,0
74.83577103927247,21.58280903889525,0.5292192728326374,27.00949160165104,186.37239529860852,0
86.88393273448084,25.970649667519055,0.4812670981593625,47.05579022918095,219.3565204805041,0
100.26932425873622,34.82425816548729,0.2761768766675028,54.52550013352603,219.8756442906088,0
69.6913122707968,38.07791411774116,0.28792998473649334,52.63304344367897,227.478287704229,0
70.10560557481777,23.82825564060039,0.43931348221428246,22.343096247788814,182.95226467851793,1
85.44160877069072,27.037678704235528,0.5457686586053552,36.64523227970192,209.5073122138402,1
81.81891489626311,29.867971215205365,0.22524951572747653,49.03883353776925,212.64908433284603,1
93.46707325736034,31.400805794098034,0.45002698238483696,58.04436364275785,190.5164364979207,0
80.83928185325964,25.95198240039177,0.4473752143482579,17.058082683500807,184.5645608521425,0
71.40707909212941,32.12030522232045,0.6388337778208448,47.56814036780212,232.19041331551946,0
80.9065483069231,27.63080326464542,0.46149781882871366,52.14573154818429,204.54991751464107,1
86.08703580582907,29.927738645608603,0.5382988984740928,62.744179827743196,212.71935501423476,1
83.20482181197364,32.7314212400185,0.5141257140087463,60.39286376356155,183.55847976344145,1
80.07274031107298,30.032111349054688,0.2869433520192799,58.738569782132075,175.61431066955612,0
85.66674689589154,27.818070547367157,0.5768207216631738,38.000892399470985,188.61100451015778,1
86.69295590445672,29.451950980370846,0.5215396505456288,21.379967943150387,197.51957225220005,0
88.82158991037527,29.558185203973323,0.550826863967459,44.10420864407899,178.715599863653,0
81.48709887589642,28.14994485058936,0.8926237706436326,65.0244773781284,199.80310382699233,0
73.32881919683146,28.706019686664487,0.29158870605014114,70.90181791286648,166.22989623863,0
76.46713686433323,37.99323585252358,0.6724696649761108,60.65823653446678,177.59905155060255,0
87.06508966508358,32.8045972397062,0.47125524805996444,56.44011234202601,213.4182249655375,0
66.83064329012764,28.522598409854197,0.5287328904403009,55.694594725789486,212.0758104055579,0
78.68673308872901,33.48477202255368,0.49544877546987576,41.658218798588294,192.16246469226266,0
71.0666118767264,28.33090255121995,0.45757636666019563,48.0490955966957,179.64471381846093,1
75.28744822934817,35.86562318793321,0.4430167071761241,75.03604288739497,179.45192896947978,0
87.78451862607298,31.84821096099047,0.5329508735573009,35.86162991312186,192.53463508117372,0
76.91099068019903,29.463489279978855,0.3482826303328321,74.22168186064778,212.89036983290583,0
75.46436548156149,32.23858462905139,0.5750579167521765,45.16957768261912,218.56491382688648,1
61.40143859020081,22.145619239657503,0.4583805595114746,69.88148163642617,190.06936529036062,0
82.46253566027221,24.366162655450974,0.38699306609596423,28.897774857536927,176.93015148030432,0
81.45484181141076,24.030374968004722,0.4549987142004186,58.78856301746974,205.35687275732667,0
96.6325472330546,30.714715473818533,0.6257149216862573,38.94844796078567,183.52930058748302,0
71.92221765046999,38.66257499742546,0.4464664912983777,28.770992121137187,189.63494722277596,0
77.1915032766394,41.15650073096316,0.535845361820962,53.27801063616418,226.50552180874075,1
77.49383683710755,33.19025550720379,0.4269043724284527,65.14207682893954,216.54230857131535,0
90.77453279763475,32.50422237472228,0.575792184992362,37.325878421097556,203.15948624502903,0
74.04704467613048,20.994711329236303,0.5685507738790204,27.51476059312398,174.56161997774555,1
77.7902152577034,27.28663100132989,0.6848608833296411,48.62232853497567,204.22793134941318,1
81.0789650971654,26.061081240458805,0.48244360545007847,48.68847006834228,221.25314581575054,0
76.86609123156359,26.89576200874442,0.5668654804757907,58.22479441331748,192.4873266846893,1
70.53566385449471,29.159280907076052,0.5098067539538944,64.24391857046733,227.0222817997343,0
76.94089992898307,27.639547111514364,0.6295871781863014,49.10877228091259,225.85490579036414,0
85.73631749859771,20.10350094812106,0.42811676123912695,77.83254972191395,233.27465664286947,0
64.73484700588939,33.73955128058767,0.5745005312877282,53.36352116802938,206.10486253062706,0
76.32969674146877,24.636284871300965,0.48053027038833185,44.803602409896506,211.74783399612025,0
67.99879185060827,31.196234320555746,0.4935811822891502,25.826489613457582,228.2837457666218,0
86.95046628924842,40.370413348749864,0.5091752484448373,46.06010719525749,208.9478787413795,0
59.76813095216225,25.403077042067885,0.5252240396426677,44.95419581883296,189.97531784419576,0
69.41078152728412,17.348562386268352,0.4883770956878042,64.40457194422206,191.02914326944278,0
78.7721187506452,28.569978890599447,0.5214713183170526,56.937254361002815,204.77109907547478,0
90.65524029234341,35.50479817499286,0.6578118057562184,32.30946317551074,174.1887715610756,0
74.34249738927012,39.79173727110297,0.5985449685615218,52.58381579616556,197.13482169271614,0
69.44800473306802,23.852252027737915,0.5869154592496897,60.0729675759358,221.93094236460507,0
93.8115706944059,32.48349611618261,0.4544460473976129,72.92047039081748,156.17492297669438,0
60.51986099583756,27.673447716099734,0.41107591717716757,63.31255951121089,230.6896420358903,0
53.01194043379918,29.47025822847932,0.5955300558237753,61.412699814672166,222.44748437406318,0
79.40014450053333,43.221716735085174,0.5876046792529794,50.90128991922745,190.80470768339046,0
69.97945775647389,22.485148358024233,0.6472670675750982,55.824680081351744,210.86781655743619,1
64.78767182869287,31.268698307472867,0.43960193740307707,68.74257351059238,200.06295453812652,0
82.08356447299353,32.33846585882716,0.4770451344639653,30.008339037805253,224.59980736877367,0
77.43800713771199,35.42893162469674,0.3360515837474566,44.75841009174566,219.65366285539884,0
69.35921369263272,30.48991576735448,0.4607528893939127,38.41146876865639,171.99858553633982,1
62.19695601329106,31.54025269752051,0.5996570510579448,55.68729678089186,211.74524826928354,0
83.72457328280144,28.041757162891045,0.4533504620771802,68.45333263476181,195.88744292713506,0
81.50201177958661,31.345634706225535,0.5640479795200823,41.045385699183896,201.656651410362,0
74.00824136220618,28.28403862251295,0.48094968940021887,14.145434487958433,185.4365619806037,0
93.46636996047665,33.107859449280255,0.532405702822156,43.81668882463295,234.9627413824167,0
64.29915233673847,28.15194831978183,0.3852308610184333,63.702105980261095,220.80123639805151,0
59.74474829075261,31.885501969510933,0.5085209449633901,58.064448544248194,185.20457672054064,0
68.08091930118755,29.853685931575107,0.20088640290992765,56.42279371715864,173.30778786179536,0
74.54413983644503,35.63025125386084,0.4813103841838015,45.8001004718828,192.28654738044304,0
77.43339449322691,29.74303138205757,0.33695267562848596,30.814538956703206,208.69005292182612,0
72.5876394214367,21.134837658965594,0.6205994516546816,57.72941482436701,204.80411687892445,0
78.52055396514297,36.30960750356996,0.5777407352764511,37.485772849480625,225.06265649536488,0
62.48460575809556,25.471338495686904,0.5466670981966081,82.76145100070684,215.79839444361704,1
89.4376460407326,26.7311683067559,0.652100622715938,58.55760812531774,219.39138051505813,0
74.17848821607431,27.02169352978254,0.40510834791751626,41.29027546169073,206.53710801220873,0
86.17295831588127,36.87219046585409,0.6747363197915558,40.829221289170576,172.2140253957802,0
78.42725346377703,19.32162893010652,0.5932191564260385,48.60583690079618,196.08602937706198,0
79.56753219153784,45.688742668299966,0.4763444712781054,46.407471169673755,221.2017947981733,0
80.69767280232205,35.28028404533026,0.6135620147182944,66.75250663294932,198.96954142950707,0
79.47708560017315,31.1161945706458,0.3893706487588366,52.7962425461607,210.06180737247493,1
81.42722759867544,29.725529996918567,0.41754858384723265,39.02552391637208,193.62503369507735,0
88.29152530132431,31.427770374288286,0.43914102767602997,78.35661027733674,179.4037630291631,0
76.9652116970147,32.60561214189669,0.4471022291935985,50.73962497280334,197.53311871907778,0
82.09003757588512,33.22607792975028,0.3943442357239747,61.532595139533456,206.18094886065307,0
74.10264305712774,32.778022330017244,0.6223083067095325,40.87660238832861,186.88624561077114,0
89.40117215449473,30.447903406276243,0.4741145599630168,55.44673441616785,195.28577510286664,0
68.2360769794073,29.01330789846337,0.5352504968356879,54.666649867147925,181.21073516028034,0
93.00940432910815,29.243633581732443,0.44296486335863194,21.655260618557705,222.38489835128192,1
74.59842049355656,29.025458598236597,0.3179396699451483,80.2291266569096,194.11088484823932,0
60.69224897881952,35.66885048433532,0.5270057358391422,69.35966691383821,229.05511090252367,1
76.2810441491079,32.96778361140431,0.3087745024580223,44.04207025781019,230.57495701081817,0
68.1894834252512,15.298056826678598,0.49313659539145316,33.465953893162165,198.37908070556512,0
83.40643548988724,33.279503882648804,0.363168496116719,55.21342420705328,179.831025349053,0
68.4737602069761,30.973680973593876,0.6987275999230809,51.300465491215945,158.28204244533325,0
70.5381656678522,29.90645621777051,0.5911362722174722,55.33503422844844,170.55925853946417,1
56.10459269054469,28.05740773455557,0.510575379127148,52.87366094291134,172.5233035020268,0
70.47693680750923,35.620563599930065,0.6263706677654669,57.593614839588895,227.5693925492301,0
50.76120673371044,34.73763231061429,0.4153684022534264,71.7095854908771,202.31649174453892,0
59.16097176514277,26.135611660881956,0.5543479378670093,58.52154807692969,207.79209048183975,0
82.60414656144297,32.03526143562267,0.5199810433718713,34.25516751635088,155.59157982129747,1
82.85800158650832,25.14171632729357,0.526402008133367,70.43844279068678,176.04067141565477,0
79.25457561784965,23.101909176055347,0.6272353500106768,74.60921845232431,217.74159552892573,0
65.33023856870787,26.866413877050174,0.5732492102779803,97.28085101768127,205.73548224765173,0
74.5228864385802,34.311967361913794,0.5288723662825023,33.14758950140603,197.05589442628806,1
74.96397460909432,34.76562522688043,0.3345112563771704,53.64323019725413,211.29684717200246,0
63.416353108074574,32.56542710048647,0.40399537047205364,18.76851945216519,232.7159561227163,0
90.0339830176715,33.625478934239986,0.48772910664042757,58.29723734568814,195.579150729259,0
83.77362290575671,32.58089143557479,0.5093372374276651,41.776995527498414,201.38739605316138,0
72.79035826170336,26.792592023885238,0.3869796275326076,78.8516869223743,203.85193837462612,0
75.26885838994531,32.159612723369705,0.7411676675578421,38.38077544972127,247.84219270547985,0
77.08382807947552,34.00204762613841,0.6516394055253573,24.662254430491075,158.01287471161947,0
54.58265131575709,33.77145664906787,0.5602118320392484,42.9310438894622,213.66446029577617,0
72.52822617479403,35.94456685737322,0.5072036861283745,20.36768343174294,197.70395502481873,0
68.18015752002202,33.54151923600532,0.47877910300988485,61.26649181760965,211.3354345236836,0
64.98379990105084,31.757241037707914,0.4048081539977764,19.02375430615519,186.8525489201055,0
72.18899707114045,35.350751191582134,0.5077480518518862,50.42686371774738,199.020699382831,1
92.97686526849523,29.8673937037547,0.525775254014275,18.83282270215705,214.2282115893099,1
81.4084286126701,25.59062674386141,0.3758239424518376,45.19553293195037,262.2582040208768,0
69.28821010217203,29.18466518028118,0.5334176417244898,74.65067233706802,216.16072378804142,0
80.72582781356158,26.275486775967757,0.48447409511752515,55.409718371536925,183.03868803938983,0
